cbsa_code,cbsa_name,finance,information,logistics,manufacturing,professional_services,demand_index,primary_city,state,cbsa_name_u,is_candidate
10020,"Abbeville, LA",322,117,454,491,295,423.8,Abbeville,LA,"ABBEVILLE, LA",False
10100,"Aberdeen, SD",978,135,429,3642,460,1775.3000000000002,Aberdeen,SD,"ABERDEEN, SD",False
10140,"Aberdeen, WA",483,130,432,2050,399,1077.7,Aberdeen,WA,"ABERDEEN, WA",False
10180,"Abilene, TX",3106,1015,2836,3632,1887,2991.6000000000004,Abilene,TX,"ABILENE, TX",False
10220,"Ada, OK",498,87,297,1427,883,886.3000000000001,Ada,OK,"ADA, OK",False
10260,"Adjuntas, PR",0,0,19,257,23,113.10000000000001,Adjuntas,PR,"ADJUNTAS, PR",False
10300,"Adrian, MI",683,220,432,5550,450,2507.9,Adrian,MI,"ADRIAN, MI",False
10380,"Aguadilla-Isabela-San Sebastián, PR",929,435,1144,6648,2775,3650.3,Aguadilla,PR,"AGUADILLA-ISABELA-SAN SEBASTIÁN, PR",False
10420,"Akron, OH",8962,4952,15653,39062,16391,24495.100000000002,Akron,OH,"AKRON, OH",False
10460,"Alamogordo, NM",385,201,211,100,533,248.4,Alamogordo,NM,"ALAMOGORDO, NM",False
10500,"Albany, GA",1143,627,2464,4480,1877,3020.9,Albany,GA,"ALBANY, GA",False
10540,"Albany-Lebanon, OR",954,269,3184,7283,1241,4212.0,Albany,OR,"ALBANY-LEBANON, OR",False
10580,"Albany-Schenectady-Troy, NY",19558,8659,13431,25898,31718,22687.899999999998,Albany,NY,"ALBANY-SCHENECTADY-TROY, NY",False
10620,"Albemarle, NC",459,107,115,4644,268,1991.6000000000001,Albemarle,NC,"ALBEMARLE, NC",False
10660,"Albert Lea, MN",377,157,303,2493,208,1167.4,Albert Lea,MN,"ALBERT LEA, MN",False
10700,"Albertville, AL",934,280,889,12176,602,5350.9,Albertville,AL,"ALBERTVILLE, AL",False
10740,"Albuquerque, NM",14513,5254,8891,17621,33465,17860.0,Albuquerque,NM,"ALBUQUERQUE, NM",False
10760,"Alexander City, AL",340,153,417,2321,243,1136.1,Alexander City,AL,"ALEXANDER CITY, AL",False
10780,"Alexandria, LA",1308,396,1061,3249,1950,2138.7000000000003,Alexandria,LA,"ALEXANDRIA, LA",False
10820,"Alexandria, MN",431,188,228,4057,472,1828.7000000000003,Alexandria,MN,"ALEXANDRIA, MN",False
10860,"Alice, TX",294,67,495,246,144,305.09999999999997,Alice,TX,"ALICE, TX",False
10880,"Allegan, MI",382,119,1488,14648,1970,6737.8,Allegan,MI,"ALLEGAN, MI",False
10900,"Allentown-Bethlehem-Easton, PA-NJ",10169,5764,28423,42124,14216,29236.600000000002,Allentown,PA-NJ,"ALLENTOWN-BETHLEHEM-EASTON, PA-NJ",False
10940,"Alma, MI",339,62,314,2472,129,1142.7,Alma,MI,"ALMA, MI",False
10980,"Alpena, MI",368,128,242,1610,268,807.0,Alpena,MI,"ALPENA, MI",False
11020,"Altoona, PA",1047,869,3755,6105,1817,4036.6,Altoona,PA,"ALTOONA, PA",False
11060,"Altus, OK",348,131,212,962,307,544.5999999999999,Altus,OK,"ALTUS, OK",False
11100,"Amarillo, TX",5101,1467,3915,10831,3197,6656.4000000000015,Amarillo,TX,"AMARILLO, TX",False
11140,"Americus, GA",257,75,137,1728,340,826.0000000000001,Americus,GA,"AMERICUS, GA",False
11180,"Ames, IA",791,1155,516,5340,1261,2622.1,Ames,IA,"AMES, IA",False
11220,"Amsterdam, NY",234,258,2716,3150,305,2159.2000000000003,Amsterdam,NY,"AMSTERDAM, NY",False
11260,"Anchorage, AK",5342,5473,12864,2340,15625,8454.4,Anchorage,AK,"ANCHORAGE, AK",False
11300,"Anderson, IN",832,254,2901,4631,740,2953.8999999999996,Anderson,IN,"ANDERSON, IN",False
11340,"Anderson, SC",1087,375,2551,17066,3458,8392.000000000002,Anderson,SC,"ANDERSON, SC",False
11380,"Andrews, TX",144,91,368,125,193,213.39999999999998,Andrews,TX,"ANDREWS, TX",False
11420,"Angola, IN",190,108,495,4623,216,2059.9,Angola,IN,"ANGOLA, IN",False
11460,"Ann Arbor, MI",3310,5478,5351,13313,15742,10409.900000000001,Ann Arbor,MI,"ANN ARBOR, MI",False
11500,"Anniston-Oxford, AL",947,389,1275,6707,950,3350.0,Anniston,AL,"ANNISTON-OXFORD, AL",False
11540,"Appleton, WI",5685,1486,3939,23489,4241,11994.000000000002,Appleton,WI,"APPLETON, WI",False
11580,"Arcadia, FL",133,23,1219,498,164,610.9999999999999,Arcadia,FL,"ARCADIA, FL",False
11620,"Ardmore, OK",718,238,2956,3002,512,2261.8,Ardmore,OK,"ARDMORE, OK",False
11660,"Arkadelphia, AR",185,51,97,1346,228,631.6,Arkadelphia,AR,"ARKADELPHIA, AR",False
11700,"Asheville, NC",4071,2153,5309,22258,7361,12375.200000000003,Asheville,NC,"ASHEVILLE, NC",False
11740,"Ashland, OH",251,177,411,4184,1658,2153.6,Ashland,OH,"ASHLAND, OH",False
11780,"Ashtabula, OH",395,318,422,6894,732,3070.1000000000004,Ashtabula,OH,"ASHTABULA, OH",False
11820,"Astoria, OR",287,162,237,1521,363,780.8000000000001,Astoria,OR,"ASTORIA, OR",False
11860,"Atchison, KS",169,23,79,810,100,384.59999999999997,Atchison,KS,"ATCHISON, KS",False
11900,"Athens, OH",401,352,255,375,538,374.20000000000005,Athens,OH,"ATHENS, OH",False
11940,"Athens, TN",419,154,280,6731,235,2865.3,Athens,TN,"ATHENS, TN",False
11980,"Athens, TX",423,175,155,2162,602,1074.0,Athens,TX,"ATHENS, TX",False
12020,"Athens-Clarke County, GA",1834,1310,1597,8245,2805,4521.5,Athens,GA,"ATHENS-CLARKE COUNTY, GA",False
12060,"Atlanta-Sandy Springs-Marietta, GA",129779,105783,178898,162084,257635,183007.9,Atlanta,GA,"ATLANTA-SANDY SPRINGS-MARIETTA, GA",False
12100,"Atlantic City-Hammonton, NJ",2229,738,2498,2740,3856,2839.5000000000005,Atlantic City,NJ,"ATLANTIC CITY-HAMMONTON, NJ",False
12140,"Auburn, IN",427,106,1940,9803,465,4638.900000000001,Auburn,IN,"AUBURN, IN",False
12180,"Auburn, NY",330,447,802,3018,379,1556.6,Auburn,NY,"AUBURN, NY",False
12220,"Auburn-Opelika, AL",1148,745,3333,8310,1876,4813.9,Auburn,AL,"AUBURN-OPELIKA, AL",False
12260,"Augusta-Richmond County, GA-SC",3429,2474,6305,22087,11002,13269.6,Augusta,GA-SC,"AUGUSTA-RICHMOND COUNTY, GA-SC",False
12300,"Augusta-Waterville, ME",1182,1421,1203,3206,1867,2134.9,Augusta,ME,"AUGUSTA-WATERVILLE, ME",False
12380,"Austin, MN",257,86,718,3524,278,1706.3000000000002,Austin,MN,"AUSTIN, MN",False
12420,"Austin-Round Rock-San Marcos, TX",47076,55037,26680,49717,131666,58931.6,Austin,TX,"AUSTIN-ROUND ROCK-SAN MARCOS, TX",True
12460,"Bainbridge, GA",266,56,170,1561,129,727.8000000000001,Bainbridge,GA,"BAINBRIDGE, GA",False
12540,"Bakersfield-Delano, CA",4831,2579,13545,13605,8963,11781.2,Bakersfield,CA,"BAKERSFIELD-DELANO, CA",False
12580,"Baltimore-Towson, MD",54967,20961,50982,58284,139108,71926.5,Baltimore,MD,"BALTIMORE-TOWSON, MD",False
12620,"Bangor, ME",2231,834,2696,2778,1881,2519.2999999999997,Bangor,ME,"BANGOR, ME",False
12660,"Baraboo, WI",641,173,681,5788,1140,2811.6000000000004,Baraboo,WI,"BARABOO, WI",False
12700,"Barnstable Town, MA",1767,980,2468,2426,5167,2920.9,Barnstable Town,MA,"BARNSTABLE TOWN, MA",False
12740,"Barre, VT",2365,358,466,2621,941,1612.9,Barre,VT,"BARRE, VT",False
12780,"Bartlesville, OK",931,224,1037,926,1274,1029.3999999999999,Bartlesville,OK,"BARTLESVILLE, OK",False
12820,"Bastrop, LA",328,35,110,444,79,259.20000000000005,Bastrop,LA,"BASTROP, LA",False
12860,"Batavia, NY",340,226,383,3835,334,1749.7,Batavia,NY,"BATAVIA, NY",False
12900,"Batesville, AR",452,118,488,5103,212,2275.2,Batesville,AR,"BATESVILLE, AR",False
12940,"Baton Rouge, LA",13483,4925,11899,24433,22787,19248.600000000002,Baton Rouge,LA,"BATON ROUGE, LA",False
12980,"Battle Creek, MI",903,242,2129,12078,1643,5888.8,Battle Creek,MI,"BATTLE CREEK, MI",False
13020,"Bay City, MI",792,221,424,4162,1189,2109.0,Bay City,MI,"BAY CITY, MI",False
13060,"Bay City, TX",191,107,141,1316,185,624.8,Bay City,TX,"BAY CITY, TX",False
13100,"Beatrice, NE",220,83,218,1640,141,771.6,Beatrice,NE,"BEATRICE, NE",False
13140,"Beaumont-Port Arthur, TX",3397,1015,4442,19918,5963,10832.100000000002,Beaumont,TX,"BEAUMONT-PORT ARTHUR, TX",False
13180,"Beaver Dam, WI",589,115,1937,11593,780,5433.2,Beaver Dam,WI,"BEAVER DAM, WI",False
13220,"Beckley, WV",620,338,780,500,1299,755.8,Beckley,WV,"BECKLEY, WV",False
13260,"Bedford, IN",393,102,189,3526,659,1638.2,Bedford,IN,"BEDFORD, IN",False
13300,"Beeville, TX",142,77,48,165,130,120.60000000000001,Beeville,TX,"BEEVILLE, TX",False
13340,"Bellefontaine, OH",258,87,1053,5467,654,2659.3000000000006,Bellefontaine,OH,"BELLEFONTAINE, OH",False
13380,"Bellingham, WA",2329,1660,3107,9237,3845,5628.799999999999,Bellingham,WA,"BELLINGHAM, WA",False
13420,"Bemidji, MN",392,365,505,959,423,658.9000000000001,Bemidji,MN,"BEMIDJI, MN",False
13460,"Bend, OR",2300,2108,1878,5607,4749,3986.0000000000005,Bend,OR,"BEND, OR",False
13500,"Bennettsville, SC",103,13,153,2364,37,1009.1999999999999,Bennettsville,SC,"BENNETTSVILLE, SC",False
13540,"Bennington, VT",269,304,130,2095,390,981.9,Bennington,VT,"BENNINGTON, VT",False
13620,"Berlin, NH-VT",246,73,316,946,148,527.4000000000001,Berlin,NH-VT,"BERLIN, NH-VT",False
13660,"Big Rapids, MI",183,142,151,1821,187,829.4,Big Rapids,MI,"BIG RAPIDS, MI",False
13700,"Big Spring, TX",268,130,308,697,121,422.2,Big Spring,TX,"BIG SPRING, TX",False
13740,"Billings, MT",3718,1220,3816,3840,4192,3891.0000000000005,Billings,MT,"BILLINGS, MT",False
13780,"Binghamton, NY",2322,1433,2405,10471,3758,5893.700000000001,Binghamton,NY,"BINGHAMTON, NY",False
13820,"Birmingham-Hoover, AL",35348,12447,16228,37201,24174,28118.4,Birmingham,AL,"BIRMINGHAM-HOOVER, AL",False
13860,"Bishop, CA",50,48,76,211,162,144.6,Bishop,CA,"BISHOP, CA",False
13900,"Bismarck, ND",2207,1259,2479,3070,3511,2894.5999999999995,Bismarck,ND,"BISMARCK, ND",False
13940,"Blackfoot, ID",224,39,411,2381,399,1177.9,Blackfoot,ID,"BLACKFOOT, ID",False
13980,"Blacksburg-Christiansburg-Radford, VA",1012,864,1449,14083,3157,6800.500000000001,Blacksburg,VA,"BLACKSBURG-CHRISTIANSBURG-RADFORD, VA",False
14020,"Bloomington, IN",2606,1042,928,11969,2326,5791.8,Bloomington,IN,"BLOOMINGTON, IN",False
14060,"Bloomington-Normal, IL",17743,459,2861,7156,2684,6031.8,Bloomington,IL,"BLOOMINGTON-NORMAL, IL",False
14100,"Bloomsburg-Berwick, PA",691,436,2146,4822,837,2809.1000000000004,Bloomsburg,PA,"BLOOMSBURG-BERWICK, PA",False
14140,"Bluefield, WV-VA",823,317,404,2071,757,1183.3000000000002,Bluefield,WV-VA,"BLUEFIELD, WV-VA",False
14180,"Blytheville, AR",198,38,646,6344,86,2768.4000000000005,Blytheville,AR,"BLYTHEVILLE, AR",False
14220,"Bogalusa, LA",339,45,89,1249,437,647.6,Bogalusa,LA,"BOGALUSA, LA",False
14260,"Boise City-Nampa, ID",12131,12057,11263,26754,18815,19056.6,Boise City,ID,"BOISE CITY-NAMPA, ID",False
14300,"Bonham, TX",201,83,94,1088,167,516.9,Bonham,TX,"BONHAM, TX",False
14340,"Boone, IA",147,237,856,423,141,468.9,Boone,IA,"BOONE, IA",False
14380,"Boone, NC",337,436,107,651,742,474.6000000000001,Boone,NC,"BOONE, NC",False
14420,"Borger, TX",218,42,87,1480,220,683.9,Borger,TX,"BORGER, TX",False
14460,"Boston-Cambridge-Quincy, MA-NH",154149,121099,75791,167982,318079,168960.80000000002,Boston,MA-NH,"BOSTON-CAMBRIDGE-QUINCY, MA-NH",False
14500,"Boulder, CO",3879,11473,1716,15562,28450,12817.5,Boulder,CO,"BOULDER, CO",False
14540,"Bowling Green, KY",1406,492,3412,12106,2022,6411.0,Bowling Green,KY,"BOWLING GREEN, KY",False
14580,"Bozeman, MT",1647,1615,1407,3784,4189,2938.2,Bozeman,MT,"BOZEMAN, MT",False
14620,"Bradford, PA",223,80,429,3015,197,1396.4,Bradford,PA,"BRADFORD, PA",False
14660,"Brainerd, MN",1088,486,813,3656,1311,2077.3,Brainerd,MN,"BRAINERD, MN",False
14700,"Branson, MO",642,243,290,670,641,547.4000000000001,Branson,MO,"BRANSON, MO",False
14740,"Bremerton-Silverdale, WA",1734,709,1176,2149,5400,2465.8,Bremerton,WA,"BREMERTON-SILVERDALE, WA",False
14780,"Brenham, TX",806,127,203,2949,379,1396.9,Brenham,TX,"BRENHAM, TX",False
14820,"Brevard, NC",216,86,65,708,316,387.5,Brevard,NC,"BREVARD, NC",False
14940,"Brigham City, UT",329,56,1790,7986,374,3839.1000000000004,Brigham City,UT,"BRIGHAM CITY, UT",False
15020,"Brookhaven, MS",255,108,1619,1266,234,1064.4,Brookhaven,MS,"BROOKHAVEN, MS",False
15060,"Brookings, OR",194,44,93,757,125,375.09999999999997,Brookings,OR,"BROOKINGS, OR",False
15100,"Brookings, SD",583,135,286,5266,638,2378.1000000000004,Brookings,SD,"BROOKINGS, SD",False
15140,"Brownsville, TN",157,41,79,2232,206,973.4000000000002,Brownsville,TN,"BROWNSVILLE, TN",False
15180,"Brownsville-Harlingen, TX",3404,1753,4931,4909,3115,4406.3,Brownsville,TX,"BROWNSVILLE-HARLINGEN, TX",True
15220,"Brownwood, TX",491,109,274,2947,160,1342.1,Brownwood,TX,"BROWNWOOD, TX",False
15260,"Brunswick, GA",766,271,2057,2264,1266,1852.5,Brunswick,GA,"BRUNSWICK, GA",False
15340,"Bucyrus, OH",554,82,282,2803,202,1301.6000000000001,Bucyrus,OH,"BUCYRUS, OH",False
15380,"Buffalo-Niagara Falls, NY",34215,6757,19456,54023,27229,36313.3,Buffalo,NY,"BUFFALO-NIAGARA FALLS, NY",False
15420,"Burley, ID",357,247,1488,2792,415,1681.8999999999999,Burley,ID,"BURLEY, ID",False
15460,"Burlington, IA-IL",552,143,578,4246,482,2023.4000000000003,Burlington,IA-IL,"BURLINGTON, IA-IL",False
15500,"Burlington, NC",1245,285,2443,7852,1556,4309.400000000001,Burlington,NC,"BURLINGTON, NC",False
15540,"Burlington-South Burlington, VT",4082,4135,3081,11602,8125,7598.3,Burlington,VT,"BURLINGTON-SOUTH BURLINGTON, VT",False
15580,"Butte-Silver Bow, MT",293,162,504,749,529,585.9,Butte,MT,"BUTTE-SILVER BOW, MT",False
15620,"Cadillac, MI",370,217,828,3684,222,1803.4,Cadillac,MI,"CADILLAC, MI",False
15660,"Calhoun, GA",264,85,1057,6203,166,2857.9,Calhoun,GA,"CALHOUN, GA",False
15700,"Cambridge, MD",200,51,386,2772,212,1287.0,Cambridge,MD,"CAMBRIDGE, MD",False
15740,"Cambridge, OH",210,86,565,3200,374,1545.3,Cambridge,OH,"CAMBRIDGE, OH",False
15780,"Camden, AR",180,50,371,3356,146,1500.9,Camden,AR,"CAMDEN, AR",False
15820,"Campbellsville, KY",222,125,268,1338,118,661.4000000000001,Campbellsville,KY,"CAMPBELLSVILLE, KY",False
15860,"Cañon City, CO",204,106,296,371,271,311.79999999999995,Cañon City,CO,"CAÑON CITY, CO",False
15900,"Canton, IL",334,146,137,537,184,326.09999999999997,Canton,IL,"CANTON, IL",False
15940,"Canton-Massillon, OH",4040,1926,3660,23721,5003,11991.0,Canton,OH,"CANTON-MASSILLON, OH",False
15980,"Cape Coral-Fort Myers, FL",6442,3416,8397,6216,16441,8937.900000000001,Cape Coral,FL,"CAPE CORAL-FORT MYERS, FL",False
16020,"Cape Girardeau-Jackson, MO-IL",1058,737,1576,3769,1399,2366.0000000000005,Cape Girardeau,MO-IL,"CAPE GIRARDEAU-JACKSON, MO-IL",False
16060,"Carbondale, IL",498,264,128,1350,568,741.8,Carbondale,IL,"CARBONDALE, IL",False
16100,"Carlsbad-Artesia, NM",555,237,1590,1088,576,1082.9,Carlsbad,NM,"CARLSBAD-ARTESIA, NM",False
16180,"Carson City, NV",1105,383,176,2561,1111,1409.9,Carson City,NV,"CARSON CITY, NV",False
16220,"Casper, WY",959,468,1622,1607,2036,1632.5000000000002,Casper,WY,"CASPER, WY",False
16260,"Cedar City, UT",506,188,338,2213,732,1183.6,Cedar City,UT,"CEDAR CITY, UT",False
16300,"Cedar Rapids, IA",8133,2986,7513,19289,9545,12691.8,Cedar Rapids,IA,"CEDAR RAPIDS, IA",False
16340,"Cedartown, GA",173,262,321,4148,110,1794.8,Cedartown,GA,"CEDARTOWN, GA",False
16380,"Celina, OH",563,178,2043,4447,407,2529.4000000000005,Celina,OH,"CELINA, OH",False
16420,"Central City, KY",147,57,229,797,199,442.0,Central City,KY,"CENTRAL CITY, KY",False
16460,"Centralia, IL",349,126,496,3061,185,1445.1000000000001,Centralia,IL,"CENTRALIA, IL",False
16500,"Centralia, WA",337,163,1442,2768,663,1706.1,Centralia,WA,"CENTRALIA, WA",False
16540,"Chambersburg, PA",1130,294,6296,8358,1595,5664.0,Chambersburg,PA,"CHAMBERSBURG, PA",False
16580,"Champaign-Urbana, IL",3390,2596,4201,7388,3021,5158.7,Champaign,IL,"CHAMPAIGN-URBANA, IL",False
16620,"Charleston, WV",4497,1788,3343,5925,5730,4968.599999999999,Charleston,WV,"CHARLESTON, WV",False
16660,"Charleston-Mattoon, IL",747,473,583,2157,435,1199.4,Charleston,IL,"CHARLESTON-MATTOON, IL",False
16700,"Charleston-North Charleston-Summerville, SC",8538,9952,18485,28654,23632,22587.3,Charleston,SC,"CHARLESTON-NORTH CHARLESTON-SUMMERVILLE, SC",False
16740,"Charlotte-Gastonia-Rock Hill, NC-SC",107595,25153,67070,72674,72576,74465.3,Charlotte,NC-SC,"CHARLOTTE-GASTONIA-ROCK HILL, NC-SC",False
16820,"Charlottesville, VA",3211,2125,1401,4525,7752,4101.8,Charlottesville,VA,"CHARLOTTESVILLE, VA",False
16860,"Chattanooga, TN-GA",14161,3551,13663,36387,9797,22029.2,Chattanooga,TN-GA,"CHATTANOOGA, TN-GA",False
16900,"Chester, SC",136,193,505,3388,169,1554.1,Chester,SC,"CHESTER, SC",False
16940,"Cheyenne, WY",1722,1126,2630,1195,2881,2015.4,Cheyenne,WY,"CHEYENNE, WY",False
16980,"Chicago-Joliet-Naperville, IL-IN-WI",274845,98209,267322,376158,396282,337400.7,Chicago,IL-IN-WI,"CHICAGO-JOLIET-NAPERVILLE, IL-IN-WI",False
17020,"Chico, CA",2142,871,1267,4866,2335,3007.7,Chico,CA,"CHICO, CA",False
17060,"Chillicothe, OH",518,371,1395,4111,330,2180.7000000000003,Chillicothe,OH,"CHILLICOTHE, OH",False
17140,"Cincinnati-Middletown, OH-KY-IN",56834,17401,56604,114544,60228,80527.8,Cincinnati,OH-KY-IN,"CINCINNATI-MIDDLETOWN, OH-KY-IN",False
17200,"Claremont, NH",323,85,155,3476,236,1516.4,Claremont,NH,"CLAREMONT, NH",False
17220,"Clarksburg, WV",753,552,1564,1569,2013,1574.7,Clarksburg,WV,"CLARKSBURG, WV",False
17260,"Clarksdale, MS",178,68,115,590,158,319.90000000000003,Clarksdale,MS,"CLARKSDALE, MS",False
17300,"Clarksville, TN-KY",1935,777,2733,14451,2283,7250.400000000001,Clarksville,TN-KY,"CLARKSVILLE, TN-KY",False
17340,"Clearlake, CA",187,115,159,351,281,263.0,Clearlake,CA,"CLEARLAKE, CA",False
17380,"Cleveland, MS",210,80,520,1142,161,666.0,Cleveland,MS,"CLEVELAND, MS",False
17420,"Cleveland, TN",945,373,2649,9349,730,4774.8,Cleveland,TN,"CLEVELAND, TN",False
17460,"Cleveland-Elyria-Mentor, OH",51762,25612,26116,116306,57956,71124.59999999999,Cleveland,OH,"CLEVELAND-ELYRIA-MENTOR, OH",False
17500,"Clewiston, FL",227,33,74,561,264,322.09999999999997,Clewiston,FL,"CLEWISTON, FL",False
17540,"Clinton, IA",575,322,816,4263,286,2064.7,Clinton,IA,"CLINTON, IA",False
17580,"Clovis, NM",400,248,519,779,430,593.3,Clovis,NM,"CLOVIS, NM",False
17620,"Coamo, PR",190,16,19,580,173,291.3,Coamo,PR,"COAMO, PR",False
17660,"Coeur d'Alene, ID",2104,1436,1061,5608,3666,3505.100000000001,Coeur d'Alene,ID,"COEUR D'ALENE, ID",False
17700,"Coffeyville, KS",324,74,479,3682,207,1690.3000000000004,Coffeyville,KS,"COFFEYVILLE, KS",False
17740,"Coldwater, MI",428,99,1416,2618,1614,1837.6,Coldwater,MI,"COLDWATER, MI",False
17780,"College Station-Bryan, TX",2244,1789,4079,7461,4477,5327.9,College Station,TX,"COLLEGE STATION-BRYAN, TX",False
17820,"Colorado Springs, CO",13917,6539,6163,12285,27929,13740.400000000001,Colorado Springs,CO,"COLORADO SPRINGS, CO",False
17860,"Columbia, MO",8660,1255,2093,5663,4233,4605.700000000001,Columbia,MO,"COLUMBIA, MO",False
17900,"Columbia, SC",16689,4890,12603,31509,15401,21133.600000000002,Columbia,SC,"COLUMBIA, SC",False
17940,"Columbia, TN",1744,318,1468,7424,799,3744.2000000000007,Columbia,TN,"COLUMBIA, TN",False
17980,"Columbus, GA-AL",11884,1264,2106,9715,3684,6443.0,Columbus,GA-AL,"COLUMBUS, GA-AL",False
18020,"Columbus, IN",974,397,1464,13888,3309,6753.6,Columbus,IN,"COLUMBUS, IN",False
18060,"Columbus, MS",528,327,927,3761,360,1907.3,Columbus,MS,"COLUMBUS, MS",False
18100,"Columbus, NE",510,103,499,5489,346,2465.4999999999995,Columbus,NE,"COLUMBUS, NE",False
18140,"Columbus, OH",72686,16908,70161,70391,64254,69324.1,Columbus,OH,"COLUMBUS, OH",False
18180,"Concord, NH",2161,602,1972,6125,3068,3871.2999999999997,Concord,NH,"CONCORD, NH",False
18220,"Connersville, IN",127,48,63,923,89,418.6,Connersville,IN,"CONNERSVILLE, IN",False
18260,"Cookeville, TN",1238,590,1778,6901,891,3595.8,Cookeville,TN,"COOKEVILLE, TN",False
18300,"Coos Bay, OR",479,301,843,1375,473,945.4,Coos Bay,OR,"COOS BAY, OR",False
18340,"Corbin, KY",218,192,179,1023,136,511.90000000000003,Corbin,KY,"CORBIN, KY",False
18380,"Cordele, GA",154,78,209,1803,77,814.7,Cordele,GA,"CORDELE, GA",False
18420,"Corinth, MS",319,133,186,2095,701,1065.9,Corinth,MS,"CORINTH, MS",False
18460,"Cornelia, GA",328,372,141,3163,327,1405.7,Cornelia,GA,"CORNELIA, GA",False
18500,"Corning, NY",886,390,660,3774,1694,2135.0,Corning,NY,"CORNING, NY",False
18580,"Corpus Christi, TX",4861,1550,5033,9711,7550,7390.400000000001,Corpus Christi,TX,"CORPUS CHRISTI, TX",False
18620,"Corsicana, TX",353,168,615,3262,302,1585.0000000000002,Corsicana,TX,"CORSICANA, TX",False
18660,"Cortland, NY",447,111,185,2232,778,1148.6000000000001,Cortland,NY,"CORTLAND, NY",False
18700,"Corvallis, OR",623,352,585,1550,2676,1393.0,Corvallis,OR,"CORVALLIS, OR",False
18740,"Coshocton, OH",140,65,153,2664,142,1153.9000000000003,Coshocton,OH,"COSHOCTON, OH",False
18820,"Crawfordsville, IN",265,891,247,5179,191,2210.3999999999996,Crawfordsville,IN,"CRAWFORDSVILLE, IN",False
18860,"Crescent City, CA",69,98,145,198,107,151.0,Crescent City,CA,"CRESCENT CITY, CA",False
18880,"Crestview-Fort Walton Beach-Destin, FL",2104,575,2046,1700,7555,3015.2000000000003,Crestview,FL,"CRESTVIEW-FORT WALTON BEACH-DESTIN, FL",False
18900,"Crossville, TN",474,147,1140,2061,400,1293.8000000000002,Crossville,TN,"CROSSVILLE, TN",False
18940,"Crowley, LA",433,73,371,1332,303,748.0,Crowley,LA,"CROWLEY, LA",False
18980,"Cullman, AL",826,245,2050,4986,856,2863.2,Cullman,AL,"CULLMAN, AL",False
19020,"Culpeper, VA",209,865,213,1562,588,827.2,Culpeper,VA,"CULPEPER, VA",False
19060,"Cumberland, MD-WV",827,916,826,3973,696,2058.9,Cumberland,MD-WV,"CUMBERLAND, MD-WV",False
19100,"Dallas-Fort Worth-Arlington, TX",253949,101692,239546,277698,290653,266468.5,Dallas,TX,"DALLAS-FORT WORTH-ARLINGTON, TX",True
19140,"Dalton, GA",709,450,3497,22170,1879,10363.8,Dalton,GA,"DALTON, GA",False
19180,"Danville, IL",1017,115,1418,4451,623,2432.1,Danville,IL,"DANVILLE, IL",False
19220,"Danville, KY",430,177,522,2786,504,1414.8,Danville,KY,"DANVILLE, KY",False
19260,"Danville, VA",892,204,638,6574,625,3035.2000000000003,Danville,VA,"DANVILLE, VA",False
19300,"Daphne-Fairhope-Foley, AL",1814,562,1453,4071,2452,2736.1000000000004,Daphne,AL,"DAPHNE-FAIRHOPE-FOLEY, AL",False
19340,"Davenport-Moline-Rock Island, IA-IL",5613,5238,9357,24760,6390,14550.4,Davenport,IA-IL,"DAVENPORT-MOLINE-ROCK ISLAND, IA-IL",False
19380,"Dayton, OH",10920,6527,13251,48492,25212,29506.5,Dayton,OH,"DAYTON, OH",False
19460,"Decatur, AL",1434,398,2261,13210,3152,6736.1,Decatur,AL,"DECATUR, AL",False
19500,"Decatur, IL",1158,355,2348,7601,1292,4119.0,Decatur,IL,"DECATUR, IL",False
19540,"Decatur, IN",268,170,310,5065,246,2195.0,Decatur,IN,"DECATUR, IN",False
19580,"Defiance, OH",670,249,945,3263,255,1706.7,Defiance,OH,"DEFIANCE, OH",False
19620,"Del Rio, TX",541,73,752,504,235,528.3000000000001,Del Rio,TX,"DEL RIO, TX",False
19660,"Deltona-Daytona Beach-Ormond Beach, FL",5585,2358,3456,10446,7310,7235.700000000001,Deltona,FL,"DELTONA-DAYTONA BEACH-ORMOND BEACH, FL",False
19700,"Deming, NM",107,30,184,1536,90,698.3000000000002,Deming,NM,"DEMING, NM",False
19740,"Denver-Aurora-Broomfield, CO",83671,61957,73232,58256,139894,81617.90000000001,Denver,CO,"DENVER-AURORA-BROOMFIELD, CO",False
19760,"DeRidder, LA",591,19,151,892,446,550.4,DeRidder,LA,"DERIDDER, LA",False
19780,"Des Moines-West Des Moines, IA",55581,8029,15660,22081,24555,23999.5,Des Moines,IA,"DES MOINES-WEST DES MOINES, IA",False
19820,"Detroit-Warren-Livonia, MI",99182,33541,72285,232525,210003,166614.30000000002,Detroit,MI,"DETROIT-WARREN-LIVONIA, MI",False
19860,"Dickinson, ND",396,196,830,1465,424,959.4,Dickinson,ND,"DICKINSON, ND",False
19900,"Dillon, SC",135,26,257,2082,128,949.0000000000001,Dillon,SC,"DILLON, SC",False
19940,"Dixon, IL",311,84,311,3185,267,1451.8,Dixon,IL,"DIXON, IL",False
19980,"Dodge City, KS",285,84,599,6017,516,2718.2,Dodge City,KS,"DODGE CITY, KS",False
20020,"Dothan, AL",1399,518,2589,5785,1386,3507.7999999999997,Dothan,AL,"DOTHAN, AL",False
20060,"Douglas, GA",355,114,1857,4367,224,2384.2000000000003,Douglas,GA,"DOUGLAS, GA",False
20100,"Dover, DE",1370,1232,3167,5174,3652,3887.1,Dover,DE,"DOVER, DE",False
20140,"Dublin, GA",670,123,751,2232,463,1277.7,Dublin,GA,"DUBLIN, GA",False
20180,"DuBois, PA",769,176,2688,2459,533,1973.5,DuBois,PA,"DUBOIS, PA",False
20220,"Dubuque, IA",4197,910,4719,10245,1364,6206.2,Dubuque,IA,"DUBUQUE, IA",False
20260,"Duluth, MN-WI",3470,1523,3682,8398,4273,5665.400000000001,Duluth,MN-WI,"DULUTH, MN-WI",False
20300,"Dumas, TX",223,61,208,5464,63,2282.9,Dumas,TX,"DUMAS, TX",False
20340,"Duncan, OK",578,131,1159,1322,413,1016.9,Duncan,OK,"DUNCAN, OK",False
20380,"Dunn, NC",414,170,1913,2105,624,1582.1000000000001,Dunn,NC,"DUNN, NC",False
20420,"Durango, CO",546,330,566,730,1223,761.0,Durango,CO,"DURANGO, CO",False
20460,"Durant, OK",365,218,461,1971,328,1028.8000000000002,Durant,OK,"DURANT, OK",False
20500,"Durham-Chapel Hill, NC",12381,6931,7488,25024,45915,22677.1,Durham,NC,"DURHAM-CHAPEL HILL, NC",False
20540,"Dyersburg, TN",470,73,327,4634,227,2044.1000000000001,Dyersburg,TN,"DYERSBURG, TN",False
20580,"Eagle Pass, TX",352,130,791,529,254,534.9,Eagle Pass,TX,"EAGLE PASS, TX",False
20620,"East Liverpool-Salem, OH",432,157,994,6247,390,2918.2,East Liverpool,OH,"EAST LIVERPOOL-SALEM, OH",False
20660,"Easton, MD",639,320,459,722,1153,721.0,Easton,MD,"EASTON, MD",False
20700,"East Stroudsburg, PA",860,345,2976,6166,1478,3740.7999999999997,East Stroudsburg,PA,"EAST STROUDSBURG, PA",False
20740,"Eau Claire, WI",3107,1566,4241,11370,2149,6560.8,Eau Claire,WI,"EAU CLAIRE, WI",False
20780,"Edwards, CO",788,560,956,508,1576,884.0,Edwards,CO,"EDWARDS, CO",False
20820,"Effingham, IL",410,175,863,3201,446,1669.5000000000002,Effingham,IL,"EFFINGHAM, IL",False
20900,"El Campo, TX",407,84,393,1547,295,836.4000000000001,El Campo,TX,"EL CAMPO, TX",False
20940,"El Centro, CA",721,349,1871,2427,1099,1823.9999999999998,El Centro,CA,"EL CENTRO, CA",False
20980,"El Dorado, AR",387,80,473,3303,309,1563.6000000000001,El Dorado,AR,"EL DORADO, AR",False
21020,"Elizabeth City, NC",461,236,392,714,416,532.5,Elizabeth City,NC,"ELIZABETH CITY, NC",False
21060,"Elizabethtown, KY",1592,900,1255,6885,1019,3493.5,Elizabethtown,KY,"ELIZABETHTOWN, KY",False
21120,"Elk City, OK",263,60,553,154,253,304.40000000000003,Elk City,OK,"ELK CITY, OK",False
21140,"Elkhart-Goshen, IN",1751,395,2794,83975,1853,34973.899999999994,Elkhart,IN,"ELKHART-GOSHEN, IN",False
21220,"Elko, NV",353,132,646,324,642,487.09999999999997,Elko,NV,"ELKO, NV",False
21260,"Ellensburg, WA",213,182,354,576,424,442.70000000000005,Ellensburg,WA,"ELLENSBURG, WA",False
21300,"Elmira, NY",806,369,1281,5508,782,2824.5000000000005,Elmira,NY,"ELMIRA, NY",False
21340,"El Paso, TX",7885,6531,16430,15645,9001,13775.7,El Paso,TX,"EL PASO, TX",True
21380,"Emporia, KS",289,131,399,4470,280,1992.6000000000001,Emporia,KS,"EMPORIA, KS",False
21420,"Enid, OK",769,229,1445,2245,819,1572.2,Enid,OK,"ENID, OK",False
21460,"Enterprise-Ozark, AL",869,145,727,3781,1459,2109.2,Enterprise,AL,"ENTERPRISE-OZARK, AL",False
21500,"Erie, PA",5513,1171,2615,20711,3361,10292.4,Erie,PA,"ERIE, PA",False
21540,"Escanaba, MI",648,223,521,2188,331,1162.5,Escanaba,MI,"ESCANABA, MI",False
21580,"Espanola, NM",127,138,32,128,190,111.50000000000001,Espanola,NM,"ESPANOLA, NM",False
21640,"Eufaula, AL-GA",137,32,789,2107,78,1108.8,Eufaula,AL-GA,"EUFAULA, AL-GA",False
21660,"Eugene-Springfield, OR",4530,1657,2884,14624,6257,8419.2,Eugene,OR,"EUGENE-SPRINGFIELD, OR",False
21700,"Eureka-Arcata-Fortuna, CA",1132,455,801,2203,1781,1590.9,Eureka,CA,"EUREKA-ARCATA-FORTUNA, CA",False
21740,"Evanston, WY",147,246,341,238,270,266.2,Evanston,WY,"EVANSTON, WY",False
21780,"Evansville, IN-KY",6124,1876,10528,35345,7627,19434.200000000004,Evansville,IN-KY,"EVANSVILLE, IN-KY",False
21820,"Fairbanks, AK",521,396,1765,524,1266,1044.4,Fairbanks,AK,"FAIRBANKS, AK",False
21860,"Fairmont, MN",352,44,204,1397,133,681.8000000000002,Fairmont,MN,"FAIRMONT, MN",False
21900,"Fairmont, WV",381,132,623,717,993,710.4000000000001,Fairmont,WV,"FAIRMONT, WV",False
21940,"Fajardo, PR",236,77,466,1816,517,993.2,Fajardo,PR,"FAJARDO, PR",False
21980,"Fallon, NV",121,84,524,388,491,422.7,Fallon,NV,"FALLON, NV",False
22020,"Fargo, ND-MN",8625,2846,5362,10776,7441,8269.7,Fargo,ND-MN,"FARGO, ND-MN",False
22060,"Faribault-Northfield, MN",446,152,1163,4837,432,2414.7000000000003,Faribault,MN,"FARIBAULT-NORTHFIELD, MN",False
22100,"Farmington, MO",1316,258,448,1543,336,950.4000000000001,Farmington,MO,"FARMINGTON, MO",False
22140,"Farmington, NM",795,231,1173,1176,1026,1107.0,Farmington,NM,"FARMINGTON, NM",False
22180,"Fayetteville, NC",1638,1382,4185,8377,5927,5955.500000000001,Fayetteville,NC,"FAYETTEVILLE, NC",False
22220,"Fayetteville-Springdale-Rogers, AR-MO",6129,3538,21329,29342,13610,21470.4,Fayetteville,AR-MO,"FAYETTEVILLE-SPRINGDALE-ROGERS, AR-MO",False
22260,"Fergus Falls, MN",538,349,365,4101,429,1889.5,Fergus Falls,MN,"FERGUS FALLS, MN",False
22280,"Fernley, NV",123,35,226,2040,363,968.6999999999999,Fernley,NV,"FERNLEY, NV",False
22300,"Findlay, OH",684,235,5035,10160,800,5802.9,Findlay,OH,"FINDLAY, OH",False
22340,"Fitzgerald, GA",186,85,49,2282,84,962.9000000000001,Fitzgerald,GA,"FITZGERALD, GA",False
22380,"Flagstaff, AZ",1176,1640,1313,1675,2018,1585.1,Flagstaff,AZ,"FLAGSTAFF, AZ",False
22420,"Flint, MI",3576,897,3393,14910,4333,8206.1,Flint,MI,"FLINT, MI",False
22500,"Florence, SC",3207,522,4290,12237,2790,7060.5,Florence,SC,"FLORENCE, SC",False
22520,"Florence-Muscle Shoals, AL",1697,509,852,8691,1090,4119.7,Florence,AL,"FLORENCE-MUSCLE SHOALS, AL",False
22540,"Fond du Lac, WI",1310,848,1611,9933,1540,4895.5,Fond du Lac,WI,"FOND DU LAC, WI",False
22580,"Forest City, NC",244,227,499,3425,391,1622.3000000000002,Forest City,NC,"FOREST CITY, NC",False
22620,"Forrest City, AR",149,60,222,801,90,419.9,Forrest City,AR,"FORREST CITY, AR",False
22660,"Fort Collins-Loveland, CO",3681,2989,3833,13477,10480,9004.800000000001,Fort Collins,CO,"FORT COLLINS-LOVELAND, CO",False
22700,"Fort Dodge, IA",339,268,2726,1743,866,1722.1000000000001,Fort Dodge,IA,"FORT DODGE, IA",False
22780,"Fort Leonard Wood, MO",324,111,168,115,226,174.00000000000003,Fort Leonard Wood,MO,"FORT LEONARD WOOD, MO",False
22800,"Fort Madison-Keokuk, IA-MO",395,89,283,3804,1836,2013.2000000000003,Fort Madison,IA-MO,"FORT MADISON-KEOKUK, IA-MO",False
22820,"Fort Morgan, CO",222,364,302,2899,147,1301.8000000000002,Fort Morgan,CO,"FORT MORGAN, CO",False
22840,"Fort Payne, AL",404,176,1401,7196,344,3407.9000000000005,Fort Payne,AL,"FORT PAYNE, AL",False
22860,"Fort Polk South, LA",224,84,199,135,345,205.1,Fort Polk South,LA,"FORT POLK SOUTH, LA",False
22900,"Fort Smith, AR-OK",3115,1986,4236,19470,2509,9872.099999999999,Fort Smith,AR-OK,"FORT SMITH, AR-OK",False
22980,"Fort Valley, GA",107,44,254,2325,178,1052.5,Fort Valley,GA,"FORT VALLEY, GA",False
23060,"Fort Wayne, IN",9638,2313,10642,39108,7108,21221.199999999997,Fort Wayne,IN,"FORT WAYNE, IN",False
23140,"Frankfort, IN",193,56,710,4715,152,2148.7000000000003,Frankfort,IN,"FRANKFORT, IN",False
23180,"Frankfort, KY",1250,339,317,4145,1004,2078.8999999999996,Frankfort,KY,"FRANKFORT, KY",False
23240,"Fredericksburg, TX",341,294,142,800,339,464.50000000000006,Fredericksburg,TX,"FREDERICKSBURG, TX",False
23300,"Freeport, IL",1026,119,253,3286,431,1579.1000000000001,Freeport,IL,"FREEPORT, IL",False
23340,"Fremont, NE",389,105,629,3699,182,1743.6000000000004,Fremont,NE,"FREMONT, NE",False
23380,"Fremont, OH",458,153,808,8457,501,3771.2000000000003,Fremont,OH,"FREMONT, OH",False
23420,"Fresno, CA",9008,3687,19899,26241,12364,19839.7,Fresno,CA,"FRESNO, CA",False
23460,"Gadsden, AL",1034,205,724,4082,649,2083.2000000000003,Gadsden,AL,"GADSDEN, AL",False
23500,"Gaffney, SC",237,139,1598,6503,161,3136.5,Gaffney,SC,"GAFFNEY, SC",False
23540,"Gainesville, FL",3140,1877,3713,3870,6454,4266.7,Gainesville,FL,"GAINESVILLE, FL",False
23580,"Gainesville, GA",2356,632,4892,21793,2188,10858.000000000002,Gainesville,GA,"GAINESVILLE, GA",False
23620,"Gainesville, TX",474,107,2292,3216,286,2078.6,Gainesville,TX,"GAINESVILLE, TX",False
23660,"Galesburg, IL",562,139,831,2861,360,1521.9,Galesburg,IL,"GALESBURG, IL",False
23700,"Gallup, NM",355,167,645,440,245,454.0,Gallup,NM,"GALLUP, NM",False
23780,"Garden City, KS",476,143,449,3686,240,1704.7,Garden City,KS,"GARDEN CITY, KS",False
23820,"Gardnerville Ranchos, NV",379,335,132,1776,1037,995.3000000000001,Gardnerville Ranchos,NV,"GARDNERVILLE RANCHOS, NV",False
23860,"Georgetown, SC",534,85,423,2165,865,1219.3000000000002,Georgetown,SC,"GEORGETOWN, SC",False
23900,"Gettysburg, PA",453,124,807,6874,556,3148.2000000000003,Gettysburg,PA,"GETTYSBURG, PA",False
23940,"Gillette, WY",339,254,931,560,589,655.0,Gillette,WY,"GILLETTE, WY",False
23980,"Glasgow, KY",415,197,223,2675,534,1285.2,Glasgow,KY,"GLASGOW, KY",False
24020,"Glens Falls, NY",1243,909,519,6490,1224,3120.8,Glens Falls,NY,"GLENS FALLS, NY",False
24100,"Gloversville, NY",242,133,1764,2041,271,1424.0,Gloversville,NY,"GLOVERSVILLE, NY",False
24140,"Goldsboro, NC",1083,202,609,5151,623,2476.0,Goldsboro,NC,"GOLDSBORO, NC",False
24180,"Granbury, TX",584,197,333,890,637,641.6999999999999,Granbury,TX,"GRANBURY, TX",False
24220,"Grand Forks, ND-MN",1139,601,1906,4397,1414,2727.3000000000006,Grand Forks,ND-MN,"GRAND FORKS, ND-MN",False
24260,"Grand Island, NE",993,296,3472,8725,751,4781.1,Grand Island,NE,"GRAND ISLAND, NE",False
24300,"Grand Junction, CO",1749,777,2356,3229,2538,2680.9,Grand Junction,CO,"GRAND JUNCTION, CO",False
24340,"Grand Rapids-Wyoming, MI",17788,5679,15616,75295,19700,40521.600000000006,Grand Rapids,MI,"GRAND RAPIDS-WYOMING, MI",False
24380,"Grants, NM",70,23,36,40,42,42.199999999999996,Grants,NM,"GRANTS, NM",False
24420,"Grants Pass, OR",725,206,436,2458,838,1354.1,Grants Pass,OR,"GRANTS PASS, OR",False
24460,"Great Bend, KS",473,97,238,1058,415,624.9,Great Bend,KS,"GREAT BEND, KS",False
24500,"Great Falls, MT",1421,434,908,1372,1315,1226.3,Great Falls,MT,"GREAT FALLS, MT",False
24540,"Greeley, CO",2928,640,3031,16499,3725,8546.7,Greeley,CO,"GREELEY, CO",False
24580,"Green Bay, WI",7877,2101,10114,33551,6146,18471.500000000004,Green Bay,WI,"GREEN BAY, WI",False
24620,"Greeneville, TN",469,221,4243,6789,305,4096.4,Greeneville,TN,"GREENEVILLE, TN",False
24660,"Greensboro-High Point, NC",14618,5188,24087,54062,14643,33241.3,Greensboro,NC,"GREENSBORO-HIGH POINT, NC",False
24700,"Greensburg, IN",359,77,949,4600,145,2189.6,Greensburg,IN,"GREENSBURG, IN",False
24740,"Greenville, MS",297,138,773,984,297,714.6,Greenville,MS,"GREENVILLE, MS",False
24780,"Greenville, NC",1497,1792,1756,8500,2399,4556.3,Greenville,NC,"GREENVILLE, NC",False
24820,"Greenville, OH",503,37,879,4925,322,2348.4,Greenville,OH,"GREENVILLE, OH",False
24860,"Greenville-Mauldin-Easley, SC",12602,6180,10340,42346,23323,25965.2,Greenville,SC,"GREENVILLE-MAULDIN-EASLEY, SC",False
24900,"Greenwood, MS",311,136,384,1736,271,894.9000000000002,Greenwood,MS,"GREENWOOD, MS",False
24940,"Greenwood, SC",385,167,810,4329,607,2134.5,Greenwood,SC,"GREENWOOD, SC",False
24980,"Grenada, MS",206,51,228,2616,245,1184.4,Grenada,MS,"GRENADA, MS",False
25020,"Guayama, PR",196,25,77,2517,61,1061.7,Guayama,PR,"GUAYAMA, PR",False
25060,"Gulfport-Biloxi, MS",3427,890,2433,4131,3161,3357.2,Gulfport,MS,"GULFPORT-BILOXI, MS",False
25100,"Guymon, OK",261,212,72,2810,101,1191.8999999999999,Guymon,OK,"GUYMON, OK",False
25180,"Hagerstown-Martinsburg, MD-WV",5251,2751,12192,11869,2326,9395.500000000002,Hagerstown,MD-WV,"HAGERSTOWN-MARTINSBURG, MD-WV",False
25220,"Hammond, LA",1414,442,2165,2937,1333,2232.3,Hammond,LA,"HAMMOND, LA",False
25260,"Hanford-Corcoran, CA",494,264,1640,4345,1373,2554.0,Hanford,CA,"HANFORD-CORCORAN, CA",False
25300,"Hannibal, MO",445,147,359,2827,395,1362.0,Hannibal,MO,"HANNIBAL, MO",False
25340,"Harriman, TN",152,43,607,906,221,603.9000000000001,Harriman,TN,"HARRIMAN, TN",False
25380,"Harrisburg, IL",368,150,56,289,151,199.40000000000003,Harrisburg,IL,"HARRISBURG, IL",False
25420,"Harrisburg-Carlisle, PA",17345,3027,28804,17885,17294,20988.5,Harrisburg,PA,"HARRISBURG-CARLISLE, PA",False
25460,"Harrison, AR",377,224,547,1798,287,978.4000000000001,Harrison,AR,"HARRISON, AR",False
25500,"Harrisonburg, VA",1260,390,4849,10404,1702,6082.7,Harrisonburg,VA,"HARRISONBURG, VA",False
25580,"Hastings, NE",420,113,321,2863,373,1358.1,Hastings,NE,"HASTINGS, NE",False
25620,"Hattiesburg, MS",1877,465,1527,4959,2043,3038.0,Hattiesburg,MS,"HATTIESBURG, MS",False
25660,"Havre, MT",217,190,142,57,117,110.50000000000001,Havre,MT,"HAVRE, MT",False
25700,"Hays, KS",426,332,412,1086,369,674.4,Hays,KS,"HAYS, KS",False
25720,"Heber, UT",213,63,187,431,906,431.00000000000006,Heber,UT,"HEBER, UT",False
25740,"Helena, MT",1627,422,751,1104,1760,1181.6,Helena,MT,"HELENA, MT",False
25760,"Helena-West Helena, AR",119,20,158,412,81,240.3,Helena,AR,"HELENA-WEST HELENA, AR",False
25780,"Henderson, NC",201,132,1634,1577,480,1237.1,Henderson,NC,"HENDERSON, NC",False
25820,"Hereford, TX",171,146,225,2615,164,1163.3999999999999,Hereford,TX,"HEREFORD, TX",False
25860,"Hickory-Lenoir-Morganton, NC",3131,1058,6747,41635,3636,19718.399999999998,Hickory,NC,"HICKORY-LENOIR-MORGANTON, NC",False
25900,"Hilo, HI",1051,498,2639,1660,2051,1970.9999999999998,Hilo,HI,"HILO, HI",False
25940,"Hilton Head Island-Beaufort, SC",1736,694,860,1136,3515,1589.0,Hilton Head Island,SC,"HILTON HEAD ISLAND-BEAUFORT, SC",False
25980,"Hinesville-Fort Stewart, GA",350,138,1119,2680,395,1521.7,Hinesville,GA,"HINESVILLE-FORT STEWART, GA",False
26020,"Hobbs, NM",414,330,1764,424,674,874.9999999999999,Hobbs,NM,"HOBBS, NM",False
26100,"Holland-Grand Haven, MI",2176,913,3407,38849,4821,17743.5,Holland,MI,"HOLLAND-GRAND HAVEN, MI",False
26140,"Homosassa Springs, FL",642,433,204,381,838,445.40000000000003,Homosassa Springs,FL,"HOMOSASSA SPRINGS, FL",False
26180,"Honolulu, HI",17253,6268,20389,7399,19010,14603.599999999999,Honolulu,HI,"HONOLULU, HI",False
26220,"Hood River, OR",168,133,142,1566,583,802.4000000000001,Hood River,OR,"HOOD RIVER, OR",False
26260,"Hope, AR",148,64,416,2704,239,1269.0,Hope,AR,"HOPE, AR",False
26300,"Hot Springs, AR",1018,353,639,2806,987,1613.3000000000002,Hot Springs,AR,"HOT SPRINGS, AR",False
26340,"Houghton, MI",479,179,187,1114,663,682.2,Houghton,MI,"HOUGHTON, MI",False
26380,"Houma-Bayou Cane-Thibodaux, LA",1704,416,6429,4831,3009,4633.299999999999,Houma,LA,"HOUMA-BAYOU CANE-THIBODAUX, LA",False
26420,"Houston-Sugar Land-Baytown, TX",97303,42633,140676,199467,223889,176497.7,Houston,TX,"HOUSTON-SUGAR LAND-BAYTOWN, TX",True
26460,"Hudson, NY",284,238,626,1434,666,923.0,Hudson,NY,"HUDSON, NY",False
26480,"Humboldt, TN",297,118,886,2690,191,1409.7,Humboldt,TN,"HUMBOLDT, TN",False
26500,"Huntingdon, PA",400,99,280,1156,335,653.4000000000001,Huntingdon,PA,"HUNTINGDON, PA",False
26540,"Huntington, IN",307,390,317,3794,336,1710.6000000000001,Huntington,IN,"HUNTINGTON, IN",False
26580,"Huntington-Ashland, WV-KY-OH",1973,1111,2785,7940,3233,4855.400000000001,Huntington,WV-KY-OH,"HUNTINGTON-ASHLAND, WV-KY-OH",False
26620,"Huntsville, AL",4907,4770,5722,27292,47942,22712.500000000004,Huntsville,AL,"HUNTSVILLE, AL",False
26660,"Huntsville, TX",403,121,138,1313,379,682.6999999999999,Huntsville,TX,"HUNTSVILLE, TX",False
26700,"Huron, SD",559,82,229,1811,98,868.6000000000001,Huron,SD,"HURON, SD",False
26740,"Hutchinson, KS",876,581,1091,3439,612,1912.9,Hutchinson,KS,"HUTCHINSON, KS",False
26780,"Hutchinson, MN",435,206,646,4794,363,2227.5,Hutchinson,MN,"HUTCHINSON, MN",False
26820,"Idaho Falls, ID",1612,601,2248,5469,10623,5147.8,Idaho Falls,ID,"IDAHO FALLS, ID",False
26860,"Indiana, PA",1647,229,768,1985,764,1341.9,Indiana,PA,"INDIANA, PA",False
26900,"Indianapolis-Carmel, IN",52715,17166,72732,71470,76124,70903.9,Indianapolis,IN,"INDIANAPOLIS-CARMEL, IN",False
26940,"Indianola, MS",193,34,1124,229,67,461.5,Indianola,MS,"INDIANOLA, MS",False
26980,"Iowa City, IA",2803,4675,3179,5630,2816,4049.2,Iowa City,IA,"IOWA CITY, IA",False
27020,"Iron Mountain, MI-WI",316,98,510,2991,454,1471.8,Iron Mountain,MI-WI,"IRON MOUNTAIN, MI-WI",False
27060,"Ithaca, NY",1125,1226,493,2739,2812,1918.4,Ithaca,NY,"ITHACA, NY",False
27100,"Jackson, MI",1351,253,952,8964,2411,4488.500000000001,Jackson,MI,"JACKSON, MI",False
27140,"Jackson, MS",12450,3967,11807,18166,11045,14262.5,Jackson,MS,"JACKSON, MS",False
27180,"Jackson, TN",1405,489,2591,10998,1075,5532.0,Jackson,TN,"JACKSON, TN",False
27220,"Jackson, WY-ID",647,513,461,444,1508,682.2,Jackson,WY-ID,"JACKSON, WY-ID",False
27260,"Jacksonville, FL",51309,16978,50929,28850,39485,39846.6,Jacksonville,FL,"JACKSONVILLE, FL",False
27300,"Jacksonville, IL",1210,138,424,2507,428,1336.6,Jacksonville,IL,"JACKSONVILLE, IL",False
27340,"Jacksonville, NC",881,420,701,1059,1655,1053.0,Jacksonville,NC,"JACKSONVILLE, NC",False
27380,"Jacksonville, TX",336,70,145,2536,228,1137.1,Jacksonville,TX,"JACKSONVILLE, TX",False
27420,"Jamestown, ND",460,104,275,831,223,505.50000000000006,Jamestown,ND,"JAMESTOWN, ND",False
27460,"Jamestown-Dunkirk-Fredonia, NY",766,526,1023,8445,942,3949.9,Jamestown,NY,"JAMESTOWN-DUNKIRK-FREDONIA, NY",False
27500,"Janesville, WI",1324,1116,3868,12568,1526,6625.2,Janesville,WI,"JANESVILLE, WI",False
27540,"Jasper, IN",598,107,1836,11031,481,5119.200000000001,Jasper,IN,"JASPER, IN",False
27580,"Jayuya, PR",0,0,18,1026,42,424.2,Jayuya,PR,"JAYUYA, PR",False
27620,"Jefferson City, MO",2865,2871,1719,7549,2274,4276.6,Jefferson City,MO,"JEFFERSON CITY, MO",False
27660,"Jennings, LA",277,28,135,417,221,279.2,Jennings,LA,"JENNINGS, LA",False
27700,"Jesup, GA",155,67,217,1057,169,537.1999999999999,Jesup,GA,"JESUP, GA",False
27740,"Johnson City, TN",3354,917,607,8559,1680,4277.1,Johnson City,TN,"JOHNSON CITY, TN",False
27780,"Johnstown, PA",1650,996,1976,4893,1720,3059.0,Johnstown,PA,"JOHNSTOWN, PA",False
27860,"Jonesboro, AR",1317,854,2083,8820,1316,4547.799999999999,Jonesboro,AR,"JONESBORO, AR",False
27900,"Joplin, MO",1614,776,6646,13397,1718,7857.6,Joplin,MO,"JOPLIN, MO",False
27940,"Juneau, AK",318,153,837,275,539,500.70000000000005,Juneau,AK,"JUNEAU, AK",False
27980,"Kahului-Wailuku, HI",875,486,3377,956,2184,1919.8,Kahului,HI,"KAHULUI-WAILUKU, HI",False
28020,"Kalamazoo-Portage, MI",4922,852,4264,22504,7464,12265.800000000003,Kalamazoo,MI,"KALAMAZOO-PORTAGE, MI",False
28060,"Kalispell, MT",1918,426,985,3187,2280,2218.1000000000004,Kalispell,MT,"KALISPELL, MT",False
28100,"Kankakee-Bradley, IL",853,275,1506,6162,729,3147.7000000000007,Kankakee,IL,"KANKAKEE-BRADLEY, IL",False
28140,"Kansas City, MO-KS",66004,22804,59906,87148,97258,78883.0,Kansas City,MO-KS,"KANSAS CITY, MO-KS",False
28180,"Kapaa, HI",498,173,1479,360,739,785.3,Kapaa,HI,"KAPAA, HI",False
28260,"Kearney, NE",775,299,1145,3894,782,2135.0,Kearney,NE,"KEARNEY, NE",False
28300,"Keene, NH",936,641,873,4375,683,2242.1,Keene,NH,"KEENE, NH",False
28340,"Kendallville, IN",253,377,153,8084,225,3349.8000000000006,Kendallville,IN,"KENDALLVILLE, IN",False
28380,"Kennett, MO",208,47,236,170,119,183.40000000000003,Kennett,MO,"KENNETT, MO",False
28420,"Kennewick-Pasco-Richland, WA",2343,830,3711,7839,8738,6230.800000000001,Kennewick,WA,"KENNEWICK-PASCO-RICHLAND, WA",False
28500,"Kerrville, TX",397,270,238,955,670,627.1,Kerrville,TX,"KERRVILLE, TX",False
28540,"Ketchikan, AK",185,83,557,213,156,302.0,Ketchikan,AK,"KETCHIKAN, AK",False
28580,"Key West, FL",611,206,1386,274,1173,821.1,Key West,FL,"KEY WEST, FL",False
28620,"Kill Devil Hills, NC",370,146,148,496,541,388.0,Kill Devil Hills,NC,"KILL DEVIL HILLS, NC",False
28660,"Killeen-Temple-Fort Hood, TX",3890,2299,3681,7407,4520,5360.1,Killeen,TX,"KILLEEN-TEMPLE-FORT HOOD, TX",False
28700,"Kingsport-Bristol-Bristol, TN-VA",2884,1198,4161,21814,2229,10708.099999999999,Kingsport,TN-VA,"KINGSPORT-BRISTOL-BRISTOL, TN-VA",False
28740,"Kingston, NY",1661,636,1477,3627,1811,2422.2000000000003,Kingston,NY,"KINGSTON, NY",False
28780,"Kingsville, TX",254,54,627,92,164,283.09999999999997,Kingsville,TX,"KINGSVILLE, TX",False
28820,"Kinston, NC",500,97,966,7515,746,3495.0,Kinston,NC,"KINSTON, NC",False
28860,"Kirksville, MO",233,105,179,916,149,473.20000000000005,Kirksville,MO,"KIRKSVILLE, MO",False
28900,"Klamath Falls, OR",457,197,444,1918,561,1058.3000000000002,Klamath Falls,OR,"KLAMATH FALLS, OR",False
28940,"Knoxville, TN",13505,5807,13355,37836,26822,25855.800000000003,Knoxville,TN,"KNOXVILLE, TN",False
28980,"Kodiak, AK",76,257,234,1320,48,615.4000000000001,Kodiak,AK,"KODIAK, AK",False
29020,"Kokomo, IN",819,279,456,10319,730,4492.3,Kokomo,IN,"KOKOMO, IN",False
29060,"Laconia, NH",577,188,465,2172,680,1202.0000000000002,Laconia,NH,"LACONIA, NH",False
29100,"La Crosse, WI-MN",2761,1500,5308,7827,2128,5424.900000000001,La Crosse,WI-MN,"LA CROSSE, WI-MN",False
29140,"Lafayette, IN",1881,668,2226,20132,3140,9536.7,Lafayette,IN,"LAFAYETTE, IN",False
29180,"Lafayette, LA",4018,1929,4399,8412,8899,6866.1,Lafayette,LA,"LAFAYETTE, LA",False
29220,"La Follette, TN",226,44,129,1248,94,579.3000000000001,La Follette,TN,"LA FOLLETTE, TN",False
29260,"La Grande, OR",155,90,239,1306,329,675.4,La Grande,OR,"LA GRANDE, OR",False
29300,"LaGrange, GA",904,570,2846,11957,666,5860.2,LaGrange,GA,"LAGRANGE, GA",False
29340,"Lake Charles, LA",1921,643,2957,9160,4776,5698.400000000001,Lake Charles,LA,"LAKE CHARLES, LA",False
29380,"Lake City, FL",431,119,1368,1211,508,1039.5,Lake City,FL,"LAKE CITY, FL",False
29420,"Lake Havasu City-Kingman, AZ",1087,487,1540,3239,1365,2139.3,Lake Havasu City,AZ,"LAKE HAVASU CITY-KINGMAN, AZ",False
29460,"Lakeland-Winter Haven, FL",10760,2467,22469,18136,8056,16682.300000000003,Lakeland,FL,"LAKELAND-WINTER HAVEN, FL",False
29500,"Lamesa, TX",93,53,83,92,55,82.0,Lamesa,TX,"LAMESA, TX",False
29540,"Lancaster, PA",7773,2071,11730,39988,13386,22968.7,Lancaster,PA,"LANCASTER, PA",False
29580,"Lancaster, SC",1872,945,379,2819,789,1586.3000000000002,Lancaster,SC,"LANCASTER, SC",False
29620,"Lansing-East Lansing, MI",14846,3372,10327,21098,8238,14669.500000000002,Lansing,MI,"LANSING-EAST LANSING, MI",False
29660,"Laramie, WY",576,66,179,568,776,493.70000000000005,Laramie,WY,"LARAMIE, WY",False
29700,"Laredo, TX",2355,618,17644,754,2090,6248.3,Laredo,TX,"LAREDO, TX",True
29740,"Las Cruces, NM",1712,412,1993,3269,3123,2701.2999999999997,Las Cruces,NM,"LAS CRUCES, NM",False
29780,"Las Vegas, NM",115,45,198,30,85,99.9,Las Vegas,NM,"LAS VEGAS, NM",False
29820,"Las Vegas-Paradise, NV",33517,13956,46249,26965,48801,37772.59999999999,Las Vegas,NV,"LAS VEGAS-PARADISE, NV",False
29860,"Laurel, MS",566,244,815,8226,563,3704.1,Laurel,MS,"LAUREL, MS",False
29900,"Laurinburg, NC",152,72,148,2078,68,904.4000000000001,Laurinburg,NC,"LAURINBURG, NC",False
29940,"Lawrence, KS",1295,400,638,4430,2400,2572.9,Lawrence,KS,"LAWRENCE, KS",False
29980,"Lawrenceburg, TN",251,93,813,1964,227,1100.0,Lawrenceburg,TN,"LAWRENCEBURG, TN",False
30020,"Lawton, OK",1241,408,562,3845,1658,2162.2999999999997,Lawton,OK,"LAWTON, OK",False
30060,"Lebanon, MO",277,116,213,5480,189,2321.4,Lebanon,MO,"LEBANON, MO",False
30100,"Lebanon, NH-VT",1447,1447,1299,8066,3438,4448.4,Lebanon,NH-VT,"LEBANON, NH-VT",False
30140,"Lebanon, PA",946,324,2921,10068,1174,5232.900000000001,Lebanon,PA,"LEBANON, PA",False
30220,"Levelland, TX",172,61,360,210,100,229.2,Levelland,TX,"LEVELLAND, TX",False
30260,"Lewisburg, PA",466,128,370,1321,561,798.2,Lewisburg,PA,"LEWISBURG, PA",False
30280,"Lewisburg, TN",176,153,317,3144,165,1403.3,Lewisburg,TN,"LEWISBURG, TN",False
30300,"Lewiston, ID-WA",1097,432,748,4352,737,2222.3,Lewiston,ID-WA,"LEWISTON, ID-WA",False
30340,"Lewiston-Auburn, ME",2609,569,2457,5636,1463,3545.0,Lewiston,ME,"LEWISTON-AUBURN, ME",False
30380,"Lewistown, PA",386,111,611,3912,220,1830.7,Lewistown,PA,"LEWISTOWN, PA",False
30420,"Lexington, NE",290,118,175,3603,188,1560.3,Lexington,NE,"LEXINGTON, NE",False
30460,"Lexington-Fayette, KY",5741,3240,11890,27052,16623,18286.5,Lexington,KY,"LEXINGTON-FAYETTE, KY",False
30500,"Lexington Park, MD",459,242,791,356,10607,2547.0,Lexington Park,MD,"LEXINGTON PARK, MD",False
30580,"Liberal, KS",155,66,834,3243,109,1584.7,Liberal,KS,"LIBERAL, KS",False
30620,"Lima, OH",828,625,1444,8573,1217,4188.6,Lima,OH,"LIMA, OH",False
30660,"Lincoln, IL",227,37,275,1057,234,574.8000000000001,Lincoln,IL,"LINCOLN, IL",False
30700,"Lincoln, NE",14324,5583,5786,15230,10062,11272.6,Lincoln,NE,"LINCOLN, NE",False
30740,"Lincolnton, NC",417,109,712,4198,656,2065.7,Lincolnton,NC,"LINCOLNTON, NC",False
30780,"Little Rock-North Little Rock-Conway, AR",18997,8671,16849,20461,13272,17793.2,Little Rock,AR,"LITTLE ROCK-NORTH LITTLE ROCK-CONWAY, AR",False
30820,"Lock Haven, PA",160,75,502,3079,139,1426.0,Lock Haven,PA,"LOCK HAVEN, PA",False
30860,"Logan, UT-ID",1397,712,1677,16470,6035,8437.800000000001,Logan,UT-ID,"LOGAN, UT-ID",False
30900,"Logansport, IN",280,100,398,4301,167,1901.2000000000003,Logansport,IN,"LOGANSPORT, IN",False
30940,"London, KY",831,727,2282,4169,1098,2654.9,London,KY,"LONDON, KY",False
30980,"Longview, TX",3090,827,2965,11663,3485,6560.7,Longview,TX,"LONGVIEW, TX",False
31020,"Longview, WA",861,268,1409,7314,821,3598.6,Longview,WA,"LONGVIEW, WA",False
31060,"Los Alamos, NM",251,27,0,95,12403,2543.7000000000003,Los Alamos,NM,"LOS ALAMOS, NM",False
31100,"Los Angeles-Long Beach-Santa Ana, CA",258711,258653,234186,442058,457711,364492.3,Los Angeles,CA,"LOS ANGELES-LONG BEACH-SANTA ANA, CA",True
31140,"Louisville/Jefferson County, KY-IN",30490,10112,66654,88708,30098,64548.00000000001,Louisville/Jefferson County,KY-IN,"LOUISVILLE/JEFFERSON COUNTY, KY-IN",False
31180,"Lubbock, TX",5301,2619,4750,5502,5048,5165.500000000001,Lubbock,TX,"LUBBOCK, TX",False
31260,"Lufkin, TX",760,354,1370,3144,1376,2019.8000000000002,Lufkin,TX,"LUFKIN, TX",False
31300,"Lumberton, NC",973,190,692,8988,570,4014.1000000000004,Lumberton,NC,"LUMBERTON, NC",False
31340,"Lynchburg, VA",3264,863,2296,15267,5264,8174.8,Lynchburg,VA,"LYNCHBURG, VA",False
31380,"Macomb, IL",261,91,155,2062,233,944.0000000000001,Macomb,IL,"MACOMB, IL",False
31420,"Macon, GA",9304,888,5080,6723,2961,5735.800000000001,Macon,GA,"MACON, GA",False
31460,"Madera-Chowchilla, CA",427,425,742,3767,623,1896.7,Madera,CA,"MADERA-CHOWCHILLA, CA",False
31500,"Madison, IN",194,37,208,3811,200,1646.2000000000003,Madison,IN,"MADISON, IN",False
31540,"Madison, WI",22564,17959,10875,35019,35801,26686.7,Madison,WI,"MADISON, WI",False
31580,"Madisonville, KY",343,149,1491,1566,382,1184.4,Madisonville,KY,"MADISONVILLE, KY",False
31620,"Magnolia, AR",272,29,198,1736,431,867.2000000000002,Magnolia,AR,"MAGNOLIA, AR",False
31660,"Malone, NY",187,156,93,547,365,338.40000000000003,Malone,NY,"MALONE, NY",False
31700,"Manchester-Nashua, NH",10477,6665,4872,21617,17662,14688.500000000002,Manchester,NH,"MANCHESTER-NASHUA, NH",False
31740,"Manhattan, KS",1319,1197,1308,3006,1451,2016.9000000000003,Manhattan,KS,"MANHATTAN, KS",False
31820,"Manitowoc, WI",706,201,963,10765,537,4772.9,Manitowoc,WI,"MANITOWOC, WI",False
31860,"Mankato-North Mankato, MN",1406,731,1990,7746,1617,4159.400000000001,Mankato,MN,"MANKATO-NORTH MANKATO, MN",False
31900,"Mansfield, OH",867,422,1415,9248,889,4388.200000000001,Mansfield,OH,"MANSFIELD, OH",False
31920,"Marble Falls, TX",431,128,234,1343,762,802.9000000000001,Marble Falls,TX,"MARBLE FALLS, TX",False
31940,"Marinette, WI-MI",532,216,845,7327,450,3327.5,Marinette,WI-MI,"MARINETTE, WI-MI",False
31980,"Marion, IN",652,396,2904,4827,340,2935.2,Marion,IN,"MARION, IN",False
32020,"Marion, OH",319,110,784,6790,280,3039.1,Marion,OH,"MARION, OH",False
32060,"Marion-Herrin, IL",1398,319,1956,2981,683,2055.6,Marion,IL,"MARION-HERRIN, IL",False
32100,"Marquette, MI",915,326,550,1247,1030,961.3,Marquette,MI,"MARQUETTE, MI",False
32140,"Marshall, MN",1098,157,642,2132,391,1233.4,Marshall,MN,"MARSHALL, MN",False
32180,"Marshall, MO",239,127,112,2073,86,903.9000000000001,Marshall,MO,"MARSHALL, MO",False
32220,"Marshall, TX",761,183,1149,4161,776,2240.4,Marshall,TX,"MARSHALL, TX",False
32260,"Marshalltown, IA",295,165,225,4665,292,2021.4,Marshalltown,IA,"MARSHALLTOWN, IA",False
32270,"Marshfield-Wisconsin Rapids, WI",1348,713,4455,5415,539,3745.1000000000004,Marshfield,WI,"MARSHFIELD-WISCONSIN RAPIDS, WI",False
32280,"Martin, TN",211,119,291,2744,98,1225.6,Martin,TN,"MARTIN, TN",False
32300,"Martinsville, VA",560,106,1137,5008,366,2473.5,Martinsville,VA,"MARTINSVILLE, VA",False
32340,"Maryville, MO",164,91,55,1574,123,687.1,Maryville,MO,"MARYVILLE, MO",False
32380,"Mason City, IA",635,381,950,3604,727,1935.5000000000002,Mason City,IA,"MASON CITY, IA",False
32420,"Mayagüez, PR",580,410,341,1965,708,1087.8999999999999,Mayagüez,PR,"MAYAGÜEZ, PR",False
32460,"Mayfield, KY",323,99,120,2389,349,1093.7,Mayfield,KY,"MAYFIELD, KY",False
32500,"Maysville, KY",231,171,360,1395,115,712.1,Maysville,KY,"MAYSVILLE, KY",False
32540,"McAlester, OK",437,230,559,721,404,580.6000000000001,McAlester,OK,"MCALESTER, OK",False
32580,"McAllen-Edinburg-Mission, TX",6837,4299,8820,6954,6724,7456.1,McAllen,TX,"MCALLEN-EDINBURG-MISSION, TX",True
32620,"McComb, MS",412,126,501,3369,298,1598.7,McComb,MS,"MCCOMB, MS",False
32660,"McMinnville, TN",361,200,237,2700,189,1224.9999999999998,McMinnville,TN,"MCMINNVILLE, TN",False
32700,"McPherson, KS",643,83,201,5395,369,2356.4000000000005,McPherson,KS,"MCPHERSON, KS",False
32740,"Meadville, PA",600,471,594,7103,636,3206.6,Meadville,PA,"MEADVILLE, PA",False
32780,"Medford, OR",2446,1559,3782,6852,2766,4673.200000000001,Medford,OR,"MEDFORD, OR",False
32820,"Memphis, TN-MS-AR",18557,4846,77000,39587,20220,44834.5,Memphis,TN-MS-AR,"MEMPHIS, TN-MS-AR",False
32860,"Menomonie, WI",457,83,1894,3975,371,2278.0999999999995,Menomonie,WI,"MENOMONIE, WI",False
32900,"Merced, CA",1072,359,2374,8421,958,4379.4,Merced,CA,"MERCED, CA",False
32940,"Meridian, MS",921,238,1269,2554,802,1654.8,Meridian,MS,"MERIDIAN, MS",False
32980,"Merrill, WI",928,68,416,2506,133,1246.6,Merrill,WI,"MERRILL, WI",False
33020,"Mexico, MO",260,86,401,1511,133,777.3,Mexico,MO,"MEXICO, MO",False
33060,"Miami, OK",265,29,101,1537,165,704.6,Miami,OK,"MIAMI, OK",False
33100,"Miami-Fort Lauderdale-Pompano Beach, FL",111354,60200,125487,81386,195941,120524.1,Miami,FL,"MIAMI-FORT LAUDERDALE-POMPANO BEACH, FL",False
33140,"Michigan City-La Porte, IN",813,294,1474,7637,764,3731.1000000000004,Michigan City,IN,"MICHIGAN CITY-LA PORTE, IN",False
33180,"Middlesborough, KY",214,35,66,1349,126,606.0,Middlesborough,KY,"MIDDLESBOROUGH, KY",False
33220,"Midland, MI",911,174,396,6147,999,2868.5000000000005,Midland,MI,"MIDLAND, MI",False
33260,"Midland, TX",2042,841,5112,2812,3283,3519.1999999999994,Midland,TX,"MIDLAND, TX",False
33300,"Milledgeville, GA",366,170,57,1398,240,660.9000000000001,Milledgeville,GA,"MILLEDGEVILLE, GA",False
33340,"Milwaukee-Waukesha-West Allis, WI",44333,15136,27434,108037,40558,63989.9,Milwaukee,WI,"MILWAUKEE-WAUKESHA-WEST ALLIS, WI",False
33380,"Minden, LA",300,43,302,1477,172,745.8000000000001,Minden,LA,"MINDEN, LA",False
33420,"Mineral Wells, TX",177,27,184,756,189,413.1,Mineral Wells,TX,"MINERAL WELLS, TX",False
33460,"Minneapolis-St. Paul-Bloomington, MN-WI",122586,44806,68044,196941,125766,136601.4,Minneapolis,MN-WI,"MINNEAPOLIS-ST. PAUL-BLOOMINGTON, MN-WI",False
33500,"Minot, ND",1039,409,1119,1042,1213,1099.0,Minot,ND,"MINOT, ND",False
33540,"Missoula, MT",2310,1542,1947,2514,4612,2743.1000000000004,Missoula,MT,"MISSOULA, MT",False
33580,"Mitchell, SD",419,201,159,1807,865,985.4000000000001,Mitchell,SD,"MITCHELL, SD",False
33620,"Moberly, MO",379,101,1201,1073,96,846.6,Moberly,MO,"MOBERLY, MO",False
33660,"Mobile, AL",5259,2093,10263,13837,9610,11061.6,Mobile,AL,"MOBILE, AL",False
33700,"Modesto, CA",3385,1206,7619,20180,6139,11924.0,Modesto,CA,"MODESTO, CA",False
33740,"Monroe, LA",2841,1629,1516,4966,2590,3243.3,Monroe,LA,"MONROE, LA",False
33780,"Monroe, MI",665,279,2117,7667,1187,4005.8,Monroe,MI,"MONROE, MI",False
33820,"Monroe, WI",407,1088,377,3712,410,1720.6000000000001,Monroe,WI,"MONROE, WI",False
33860,"Montgomery, AL",4511,1655,5915,18881,6357,11049.400000000001,Montgomery,AL,"MONTGOMERY, AL",False
33940,"Montrose, CO",311,128,706,1326,732,919.6999999999999,Montrose,CO,"MONTROSE, CO",False
33980,"Morehead City, NC",488,201,357,938,874,705.9000000000001,Morehead City,NC,"MOREHEAD CITY, NC",False
34020,"Morgan City, LA",360,83,1093,3425,601,1854.1000000000001,Morgan City,LA,"MORGAN CITY, LA",False
34060,"Morgantown, WV",975,453,648,1822,3252,1671.1000000000001,Morgantown,WV,"MORGANTOWN, WV",False
34100,"Morristown, TN",738,322,2188,13346,520,6172.6,Morristown,TN,"MORRISTOWN, TN",False
34140,"Moscow, ID",190,168,58,400,797,355.8,Moscow,ID,"MOSCOW, ID",False
34180,"Moses Lake, WA",518,529,1410,3960,743,2207.4,Moses Lake,WA,"MOSES LAKE, WA",False
34220,"Moultrie, GA",271,151,248,3619,196,1588.3000000000002,Moultrie,GA,"MOULTRIE, GA",False
34260,"Mountain Home, AR",587,141,168,2649,453,1259.3000000000002,Mountain Home,AR,"MOUNTAIN HOME, AR",False
34300,"Mountain Home, ID",210,49,186,658,114,362.8,Mountain Home,ID,"MOUNTAIN HOME, ID",False
34340,"Mount Airy, NC",477,139,1153,3702,548,1984.0000000000002,Mount Airy,NC,"MOUNT AIRY, NC",False
34380,"Mount Pleasant, MI",507,237,552,3465,605,1723.3,Mount Pleasant,MI,"MOUNT PLEASANT, MI",False
34420,"Mount Pleasant, TX",416,75,97,5822,125,2424.5,Mount Pleasant,TX,"MOUNT PLEASANT, TX",False
34460,"Mount Sterling, KY",315,84,193,4237,210,1826.2000000000003,Mount Sterling,KY,"MOUNT STERLING, KY",False
34500,"Mount Vernon, IL",425,167,1929,6185,461,3187.3999999999996,Mount Vernon,IL,"MOUNT VERNON, IL",False
34540,"Mount Vernon, OH",391,111,168,4124,373,1813.7,Mount Vernon,OH,"MOUNT VERNON, OH",False
34580,"Mount Vernon-Anacortes, WA",1235,465,1525,6205,1790,3421.0,Mount Vernon,WA,"MOUNT VERNON-ANACORTES, WA",False
34620,"Muncie, IN",1789,757,827,3781,936,2126.6,Muncie,IN,"MUNCIE, IN",False
34660,"Murray, KY",516,198,1947,2607,402,1758.9,Murray,KY,"MURRAY, KY",False
34700,"Muscatine, IA",457,303,884,8912,697,4015.1,Muscatine,IA,"MUSCATINE, IA",False
34740,"Muskegon-Norton Shores, MI",972,353,980,13564,1459,6108.6,Muskegon,MI,"MUSKEGON-NORTON SHORES, MI",False
34780,"Muskogee, OK",581,243,1102,3491,427,1870.5,Muskogee,OK,"MUSKOGEE, OK",False
34820,"Myrtle Beach-North Myrtle Beach-Conway, SC",3294,1909,1996,3248,4035,3034.4,Myrtle Beach,SC,"MYRTLE BEACH-NORTH MYRTLE BEACH-CONWAY, SC",False
34860,"Nacogdoches, TX",578,95,284,3507,456,1637.0000000000002,Nacogdoches,TX,"NACOGDOCHES, TX",False
34900,"Napa, CA",1363,455,2231,12308,2181,6165.000000000001,Napa,CA,"NAPA, CA",False
34940,"Naples-Marco Island, FL",4494,1364,2061,5646,6951,4716.299999999999,Naples,FL,"NAPLES-MARCO ISLAND, FL",False
34980,"Nashville-Davidson--Murfreesboro--Franklin, TN",48060,23957,57394,71517,53295,61290.0,Nashville,TN,"NASHVILLE-DAVIDSON--MURFREESBORO--FRANKLIN, TN",False
35020,"Natchez, MS-LA",467,101,709,796,282,634.2,Natchez,MS-LA,"NATCHEZ, MS-LA",False
35060,"Natchitoches, LA",591,145,433,2450,222,1213.4,Natchitoches,LA,"NATCHITOCHES, LA",False
35100,"New Bern, NC",665,302,1265,3656,1899,2288.2000000000003,New Bern,NC,"NEW BERN, NC",False
35140,"Newberry, SC",179,26,304,4739,418,2088.3,Newberry,SC,"NEWBERRY, SC",False
35220,"New Castle, IN",249,162,183,2731,133,1198.8000000000002,New Castle,IN,"NEW CASTLE, IN",False
35260,"New Castle, PA",830,177,643,3045,788,1651.5,New Castle,PA,"NEW CASTLE, PA",False
35340,"New Iberia, LA",545,133,749,2412,574,1358.8,New Iberia,LA,"NEW IBERIA, LA",False
35380,"New Orleans-Metairie-Kenner, LA",18615,4659,25582,23230,31843,25196.699999999997,New Orleans,LA,"NEW ORLEANS-METAIRIE-KENNER, LA",False
35420,"New Philadelphia-Dover, OH",636,270,592,8756,1126,3968.7999999999997,New Philadelphia,OH,"NEW PHILADELPHIA-DOVER, OH",False
35460,"Newport, TN",142,64,58,1081,112,486.4,Newport,TN,"NEWPORT, TN",False
35500,"Newton, IA",181,246,202,1066,367,578.5,Newton,IA,"NEWTON, IA",False
35580,"New Ulm, MN",445,143,1547,2749,381,1684.4,New Ulm,MN,"NEW ULM, MN",False
35620,"New York-Northern New Jersey-Long Island, NY-NJ-PA",548831,347947,358394,295829,773191,435371.1,New York,NY-NJ-PA,"NEW YORK-NORTHERN NEW JERSEY-LONG ISLAND, NY-NJ-PA",False
35660,"Niles-Benton Harbor, MI",1125,517,1235,10034,2389,4974.400000000001,Niles,MI,"NILES-BENTON HARBOR, MI",False
35700,"Nogales, AZ",144,85,1724,413,177,732.1999999999999,Nogales,AZ,"NOGALES, AZ",False
35740,"Norfolk, NE",709,215,1026,3407,541,1849.7000000000003,Norfolk,NE,"NORFOLK, NE",False
35820,"North Platte, NE",494,232,1082,297,354,563.5999999999999,North Platte,NE,"NORTH PLATTE, NE",False
35840,"North Port-Bradenton-Sarasota, FL",8735,3477,8887,16820,16831,13633.800000000001,North Port,FL,"NORTH PORT-BRADENTON-SARASOTA, FL",False
35860,"North Vernon, IN",88,18,936,1973,124,1103.6,North Vernon,IN,"NORTH VERNON, IN",False
35900,"North Wilkesboro, NC",320,312,427,5302,407,2362.3,North Wilkesboro,NC,"NORTH WILKESBORO, NC",False
35940,"Norwalk, OH",375,209,1170,7196,410,3348.9,Norwalk,OH,"NORWALK, OH",False
36020,"Oak Harbor, WA",315,222,413,746,849,623.6,Oak Harbor,WA,"OAK HARBOR, WA",False
36060,"Oak Hill, WV",199,62,115,530,153,297.0,Oak Hill,WV,"OAK HILL, WV",False
36100,"Ocala, FL",2127,915,5673,10144,3119,6596.0,Ocala,FL,"OCALA, FL",False
36140,"Ocean City, NJ",1128,197,228,704,1078,678.4000000000001,Ocean City,NJ,"OCEAN CITY, NJ",False
36180,"Ocean Pines, MD",593,173,93,747,691,524.1999999999999,Ocean Pines,MD,"OCEAN PINES, MD",False
36220,"Odessa, TX",1370,528,2864,3591,1402,2713.0,Odessa,TX,"ODESSA, TX",False
36260,"Ogden-Clearfield, UT",7650,2289,10198,26713,13051,17119.800000000003,Ogden,UT,"OGDEN-CLEARFIELD, UT",False
36300,"Ogdensburg-Massena, NY",682,447,884,2267,718,1383.8,Ogdensburg,NY,"OGDENSBURG-MASSENA, NY",False
36340,"Oil City, PA",297,135,787,3150,275,1580.8,Oil City,PA,"OIL CITY, PA",False
36380,"Okeechobee, FL",188,70,311,339,232,294.09999999999997,Okeechobee,FL,"OKEECHOBEE, FL",False
36420,"Oklahoma City, OK",24657,8738,22850,28300,32454,27131.5,Oklahoma City,OK,"OKLAHOMA CITY, OK",False
36460,"Olean, NY",706,243,334,2483,668,1297.6,Olean,NY,"OLEAN, NY",False
36500,"Olympia, WA",2914,1258,3058,3430,4587,3498.2000000000003,Olympia,WA,"OLYMPIA, WA",False
36540,"Omaha-Council Bluffs, NE-IA",38268,14441,15318,35072,24259,27302.8,Omaha,NE-IA,"OMAHA-COUNCIL BLUFFS, NE-IA",False
36580,"Oneonta, NY",1154,193,217,972,542,677.6999999999999,Oneonta,NY,"ONEONTA, NY",False
36620,"Ontario, OR-ID",357,189,1421,2415,514,1530.8,Ontario,OR-ID,"ONTARIO, OR-ID",False
36660,"Opelousas-Eunice, LA",600,153,1657,1656,539,1327.3,Opelousas,LA,"OPELOUSAS-EUNICE, LA",False
36700,"Orangeburg, SC",522,157,1430,5169,435,2635.7999999999997,Orangeburg,SC,"ORANGEBURG, SC",False
36740,"Orlando-Kissimmee-Sanford, FL",47646,30273,51605,46159,89187,56547.100000000006,Orlando,FL,"ORLANDO-KISSIMMEE-SANFORD, FL",False
36780,"Oshkosh-Neenah, WI",3894,426,4096,24985,4701,12552.4,Oshkosh,WI,"OSHKOSH-NEENAH, WI",False
36820,"Oskaloosa, IA",173,138,213,1474,141,699.0,Oskaloosa,IA,"OSKALOOSA, IA",False
36860,"Ottawa-Streator, IL",1532,358,3290,7961,1326,4589.799999999999,Ottawa,IL,"OTTAWA-STREATOR, IL",False
36900,"Ottumwa, IA",322,130,518,3091,208,1465.6000000000001,Ottumwa,IA,"OTTUMWA, IA",False
36940,"Owatonna, MN",2354,785,690,4909,248,2455.6000000000004,Owatonna,MN,"OWATONNA, MN",False
36980,"Owensboro, KY",2195,355,2145,10457,1021,5250.0,Owensboro,KY,"OWENSBORO, KY",False
37020,"Owosso, MI",282,395,604,1994,375,1082.0,Owosso,MI,"OWOSSO, MI",False
37060,"Oxford, MS",644,378,375,1754,1075,1093.5,Oxford,MS,"OXFORD, MS",False
37100,"Oxnard-Thousand Oaks-Ventura, CA",10903,4450,7754,26154,22797,18437.5,Oxnard,CA,"OXNARD-THOUSAND OAKS-VENTURA, CA",False
37140,"Paducah, KY-IL",1402,1037,3690,3050,1392,2745.6,Paducah,KY-IL,"PADUCAH, KY-IL",False
37220,"Pahrump, NV",154,149,121,107,1625,419.5,Pahrump,NV,"PAHRUMP, NV",False
37260,"Palatka, FL",264,160,273,1795,365,899.3,Palatka,FL,"PALATKA, FL",False
37300,"Palestine, TX",267,80,2224,1436,309,1330.1,Palestine,TX,"PALESTINE, TX",False
37340,"Palm Bay-Melbourne-Titusville, FL",5066,3009,5423,17839,19379,13144.9,Palm Bay,FL,"PALM BAY-MELBOURNE-TITUSVILLE, FL",False
37380,"Palm Coast, FL",659,203,225,609,1566,690.2,Palm Coast,FL,"PALM COAST, FL",False
37420,"Pampa, TX",154,133,318,821,534,546.0,Pampa,TX,"PAMPA, TX",False
37460,"Panama City-Lynn Haven-Panama City Beach, FL",1565,616,1560,4082,3577,2972.7000000000003,Panama City,FL,"PANAMA CITY-LYNN HAVEN-PANAMA CITY BEACH, FL",False
37500,"Paragould, AR",430,60,433,4818,256,2151.2999999999997,Paragould,AR,"PARAGOULD, AR",False
37540,"Paris, TN",354,45,263,1803,289,893.3,Paris,TN,"PARIS, TN",False
37580,"Paris, TX",526,149,392,5527,362,2453.4,Paris,TX,"PARIS, TX",False
37620,"Parkersburg-Marietta-Vienna, WV-OH",1715,544,1892,6855,1324,3745.9,Parkersburg,WV-OH,"PARKERSBURG-MARIETTA-VIENNA, WV-OH",False
37660,"Parsons, KS",262,116,381,1914,94,924.9,Parsons,KS,"PARSONS, KS",False
37700,"Pascagoula, MS",1283,659,945,16438,1309,7248.800000000001,Pascagoula,MS,"PASCAGOULA, MS",False
37740,"Payson, AZ",157,111,255,172,323,225.60000000000002,Payson,AZ,"PAYSON, AZ",False
37780,"Pecos, TX",41,49,762,30,67,258.1,Pecos,TX,"PECOS, TX",False
37800,"Pella, IA",292,194,217,9120,332,3808.7,Pella,IA,"PELLA, IA",False
37820,"Pendleton-Hermiston, OR",571,313,2692,4671,753,2883.7,Pendleton,OR,"PENDLETON-HERMISTON, OR",False
37860,"Pensacola-Ferry Pass-Brent, FL",11354,1796,4609,5849,9250,6707.700000000001,Pensacola,FL,"PENSACOLA-FERRY PASS-BRENT, FL",False
37900,"Peoria, IL",5774,1985,5862,15693,5966,9806.400000000001,Peoria,IL,"PEORIA, IL",False
37940,"Peru, IN",253,43,302,1617,101,782.9000000000001,Peru,IN,"PERU, IN",False
37980,"Philadelphia-Camden-Wilmington, PA-NJ-DE-MD",184391,70269,121225,171911,229428,169456.6,Philadelphia,PA-NJ-DE-MD,"PHILADELPHIA-CAMDEN-WILMINGTON, PA-NJ-DE-MD",False
38020,"Phoenix Lake-Cedar Ridge, CA",218,164,92,820,467,470.8,Phoenix Lake,CA,"PHOENIX LAKE-CEDAR RIDGE, CA",False
38060,"Phoenix-Mesa-Glendale, AZ",151432,41448,104450,134187,151420,130437.0,Phoenix,AZ,"PHOENIX-MESA-GLENDALE, AZ",True
38100,"Picayune, MS",304,80,103,673,575,445.49999999999994,Picayune,MS,"PICAYUNE, MS",False
38180,"Pierre, SD",693,125,384,58,377,283.09999999999997,Pierre,SD,"PIERRE, SD",False
38200,"Pierre Part, LA",145,0,212,362,76,238.1,Pierre Part,LA,"PIERRE PART, LA",False
38220,"Pine Bluff, AR",749,123,325,4213,306,1918.8000000000002,Pine Bluff,AR,"PINE BLUFF, AR",False
38260,"Pittsburg, KS",334,382,176,3242,329,1448.8000000000002,Pittsburg,KS,"PITTSBURG, KS",False
38300,"Pittsburgh, PA",63498,21472,41826,82259,81011,68003.4,Pittsburgh,PA,"PITTSBURGH, PA",False
38340,"Pittsfield, MA",1509,634,875,4810,3944,3126.2000000000003,Pittsfield,MA,"PITTSFIELD, MA",False
38380,"Plainview, TX",233,88,1527,661,215,788.8,Plainview,TX,"PLAINVIEW, TX",False
38420,"Platteville, WI",657,164,332,2421,470,1227.7,Platteville,WI,"PLATTEVILLE, WI",False
38460,"Plattsburgh, NY",437,409,2198,5399,544,2971.5,Plattsburgh,NY,"PLATTSBURGH, NY",False
38500,"Plymouth, IN",564,50,353,6630,310,2876.3,Plymouth,IN,"PLYMOUTH, IN",False
38540,"Pocatello, ID",2575,400,979,3124,1017,2004.2000000000003,Pocatello,ID,"POCATELLO, ID",False
38580,"Point Pleasant, WV-OH",423,75,280,1071,178,590.3000000000001,Point Pleasant,WV-OH,"POINT PLEASANT, WV-OH",False
38620,"Ponca City, OK",377,90,813,2651,416,1425.2000000000003,Ponca City,OK,"PONCA CITY, OK",False
38660,"Ponce, PR",824,387,585,6506,1779,3216.1000000000004,Ponce,PR,"PONCE, PR",False
38700,"Pontiac, IL",442,61,393,2860,261,1358.3000000000002,Pontiac,IL,"PONTIAC, IL",False
38740,"Poplar Bluff, MO",632,213,380,2915,477,1438.6000000000001,Poplar Bluff,MO,"POPLAR BLUFF, MO",False
38780,"Portales, NM",142,68,476,277,60,279.8,Portales,NM,"PORTALES, NM",False
38820,"Port Angeles, WA",556,134,538,1043,732,780.6,Port Angeles,WA,"PORT ANGELES, WA",False
38860,"Portland-South Portland-Biddeford, ME",18774,4271,7468,28580,15576,18665.0,Portland,ME,"PORTLAND-SOUTH PORTLAND-BIDDEFORD, ME",False
38900,"Portland-Vancouver-Hillsboro, OR-WA",46368,29344,47592,113841,85883,81627.40000000001,Portland,OR-WA,"PORTLAND-VANCOUVER-HILLSBORO, OR-WA",False
38940,"Port St. Lucie, FL",3193,1537,6071,7078,6049,6181.6,Port St. Lucie,FL,"PORT ST. LUCIE, FL",False
39020,"Portsmouth, OH",370,142,633,1763,581,1048.3000000000002,Portsmouth,OH,"PORTSMOUTH, OH",False
39060,"Pottsville, PA",808,240,5995,10092,888,6093.700000000001,Pottsville,PA,"POTTSVILLE, PA",False
39100,"Poughkeepsie-Newburgh-Middletown, NY",5827,3298,10379,15786,10689,12148.600000000002,Poughkeepsie,NY,"POUGHKEEPSIE-NEWBURGH-MIDDLETOWN, NY",False
39140,"Prescott, AZ",1128,585,1579,3257,2422,2373.7000000000003,Prescott,AZ,"PRESCOTT, AZ",False
39220,"Price, UT",149,76,386,508,131,360.09999999999997,Price,UT,"PRICE, UT",False
39260,"Prineville, OR",107,101,598,1253,138,718.9000000000001,Prineville,OR,"PRINEVILLE, OR",False
39300,"Providence-New Bedford-Fall River, RI-MA",34445,8495,22084,62286,28990,40782.100000000006,Providence,RI-MA,"PROVIDENCE-NEW BEDFORD-FALL RIVER, RI-MA",False
39340,"Provo-Orem, UT",9696,20496,4921,22763,27924,17135.899999999998,Provo,UT,"PROVO-OREM, UT",False
39380,"Pueblo, CO",1168,1029,1902,5134,2515,3244.0,Pueblo,CO,"PUEBLO, CO",False
39420,"Pullman, WA",228,133,264,2579,530,1239.6000000000001,Pullman,WA,"PULLMAN, WA",False
39460,"Punta Gorda, FL",1039,412,1148,549,1688,1005.5,Punta Gorda,FL,"PUNTA GORDA, FL",False
39500,"Quincy, IL-MO",1381,404,1387,5609,735,2944.7999999999997,Quincy,IL-MO,"QUINCY, IL-MO",False
39540,"Racine, WI",1653,621,3325,16801,2156,8314.4,Racine,WI,"RACINE, WI",False
39580,"Raleigh-Cary, NC",29746,28887,13890,26840,71588,32195.199999999997,Raleigh,NC,"RALEIGH-CARY, NC",False
39660,"Rapid City, SD",2055,965,1799,2915,2161,2343.3999999999996,Rapid City,SD,"RAPID CITY, SD",False
39700,"Raymondville, TX",72,150,28,0,37,23.0,Raymondville,TX,"RAYMONDVILLE, TX",False
39740,"Reading, PA",5375,1284,7658,30115,5927,16066.3,Reading,PA,"READING, PA",False
39780,"Red Bluff, CA",163,120,1862,1733,302,1328.5000000000002,Red Bluff,CA,"RED BLUFF, CA",False
39820,"Redding, CA",2027,643,1561,2061,2667,2028.8,Redding,CA,"REDDING, CA",False
39860,"Red Wing, MN",401,225,480,4227,385,1951.9,Red Wing,MN,"RED WING, MN",False
39900,"Reno-Sparks, NV",5467,4700,16206,26276,12621,18443.100000000002,Reno,NV,"RENO-SPARKS, NV",False
39940,"Rexburg, ID",401,127,813,1330,951,1006.2,Rexburg,ID,"REXBURG, ID",False
39980,"Richmond, IN",659,139,640,5982,314,2713.5000000000005,Richmond,IN,"RICHMOND, IN",False
40060,"Richmond, VA",50194,9830,30883,33819,42525,36316.9,Richmond,VA,"RICHMOND, VA",False
40080,"Richmond-Berea, KY",671,882,360,4922,1364,2416.7000000000003,Richmond,KY,"RICHMOND-BEREA, KY",False
40100,"Rio Grande City-Roma, TX",269,51,275,29,136,148.2,Rio Grande City,TX,"RIO GRANDE CITY-ROMA, TX",False
40140,"Riverside-San Bernardino-Ontario, CA",27063,15865,158594,103900,41606,100165.7,Riverside,CA,"RIVERSIDE-SAN BERNARDINO-ONTARIO, CA",True
40180,"Riverton, WY",327,185,266,386,447,356.3,Riverton,WY,"RIVERTON, WY",False
40220,"Roanoke, VA",7850,1436,7009,16570,5648,10645.300000000001,Roanoke,VA,"ROANOKE, VA",False
40260,"Roanoke Rapids, NC",281,147,1399,2477,201,1478.8,Roanoke Rapids,NC,"ROANOKE RAPIDS, NC",False
40300,"Rochelle, IL",450,104,1875,2879,214,1801.9,Rochelle,IL,"ROCHELLE, IL",False
40340,"Rochester, MN",1935,1665,2326,6182,39679,11299.900000000001,Rochester,MN,"ROCHESTER, MN",False
40380,"Rochester, NY",13790,9562,11292,54172,27740,31983.4,Rochester,NY,"ROCHESTER, NY",False
40420,"Rockford, IL",3253,1202,8296,31736,4141,16336.7,Rockford,IL,"ROCKFORD, IL",False
40460,"Rockingham, NC",197,46,178,3447,142,1480.3000000000004,Rockingham,NC,"ROCKINGHAM, NC",False
40500,"Rockland, ME",770,244,306,1575,500,898.8,Rockland,ME,"ROCKLAND, ME",False
40540,"Rock Springs, WY",283,147,946,1701,402,1072.9,Rock Springs,WY,"ROCK SPRINGS, WY",False
40580,"Rocky Mount, NC",2079,307,3215,10924,1283,5798.6,Rocky Mount,NC,"ROCKY MOUNT, NC",False
40620,"Rolla, MO",413,113,1705,1464,328,1203.9999999999998,Rolla,MO,"ROLLA, MO",False
40660,"Rome, GA",654,339,1605,7024,746,3505.7000000000003,Rome,GA,"ROME, GA",False
40700,"Roseburg, OR",899,346,1377,4068,957,2321.6,Roseburg,OR,"ROSEBURG, OR",False
40740,"Roswell, NM",460,184,831,843,644,761.3,Roswell,NM,"ROSWELL, NM",False
40760,"Ruidoso, NM",143,63,107,140,134,129.2,Ruidoso,NM,"RUIDOSO, NM",False
40780,"Russellville, AR",627,169,1593,6349,738,3227.8,Russellville,AR,"RUSSELLVILLE, AR",False
40820,"Ruston, LA",695,204,412,1626,730,989.5000000000001,Ruston,LA,"RUSTON, LA",False
40860,"Rutland, VT",468,196,309,3391,623,1620.5,Rutland,VT,"RUTLAND, VT",False
40900,"Sacramento--Arden-Arcade--Roseville, CA",40017,16086,40804,35357,64953,43376.299999999996,Sacramento,CA,"SACRAMENTO--ARDEN-ARCADE--ROSEVILLE, CA",False
40940,"Safford, AZ",110,77,297,231,511,294.7,Safford,AZ,"SAFFORD, AZ",False
40980,"Saginaw-Saginaw Township North, MI",2847,1068,2321,11130,2156,5864.2,Saginaw,MI,"SAGINAW-SAGINAW TOWNSHIP NORTH, MI",False
41060,"St. Cloud, MN",3734,1343,5061,15490,2622,8612.1,St. Cloud,MN,"ST. CLOUD, MN",False
41100,"St. George, UT",1694,1025,4181,3803,3433,3631.5,St. George,UT,"ST. GEORGE, UT",False
41140,"St. Joseph, MO-KS",1348,644,2087,11720,1315,5711.900000000001,St. Joseph,MO-KS,"ST. JOSEPH, MO-KS",False
41180,"St. Louis, MO-IL",74409,26822,56123,113330,86910,86991.79999999999,St. Louis,MO-IL,"ST. LOUIS, MO-IL",False
41220,"St. Marys, GA",263,129,90,258,1681,492.70000000000005,St. Marys,GA,"ST. MARYS, GA",False
41260,"St. Marys, PA",212,128,391,6060,286,2619.7,St. Marys,PA,"ST. MARYS, PA",False
41420,"Salem, OR",3839,2052,7082,12280,4883,8397.1,Salem,OR,"SALEM, OR",False
41460,"Salina, KS",849,160,1435,5723,803,2965.2000000000003,Salina,KS,"SALINA, KS",False
41500,"Salinas, CA",2254,1341,3114,8411,8219,6167.8,Salinas,CA,"SALINAS, CA",False
41540,"Salisbury, MD",1089,815,1428,2666,1370,1877.7000000000003,Salisbury,MD,"SALISBURY, MD",False
41580,"Salisbury, NC",622,296,3440,10742,905,5572.0,Salisbury,NC,"SALISBURY, NC",False
41620,"Salt Lake City, UT",54870,33175,39443,61927,52690,52628.700000000004,Salt Lake City,UT,"SALT LAKE CITY, UT",False
41660,"San Angelo, TX",1788,779,935,3199,1702,2079.3,San Angelo,TX,"SAN ANGELO, TX",False
41700,"San Antonio-New Braunfels, TX",74531,18028,43129,51922,58723,52905.2,San Antonio,TX,"SAN ANTONIO-NEW BRAUNFELS, TX",True
41740,"San Diego-Carlsbad-San Marcos, CA",58138,36081,35792,100034,181028,92770.6,San Diego,CA,"SAN DIEGO-CARLSBAD-SAN MARCOS, CA",True
41780,"Sandusky, OH",554,602,645,5919,669,2750.3,Sandusky,OH,"SANDUSKY, OH",False
41820,"Sanford, NC",353,158,350,9542,569,4070.9000000000005,Sanford,NC,"SANFORD, NC",False
41860,"San Francisco-Oakland-Fremont, CA",144823,256276,92132,140542,324769,163292.5,San Francisco,CA,"SAN FRANCISCO-OAKLAND-FREMONT, CA",False
41900,"San Germán-Cabo Rojo, PR",262,119,161,3865,452,1710.9,San Germán,PR,"SAN GERMÁN-CABO ROJO, PR",False
41940,"San Jose-Sunnyvale-Santa Clara, CA",27399,150666,15132,98703,175668,81894.29999999999,San Jose,CA,"SAN JOSE-SUNNYVALE-SANTA CLARA, CA",False
41980,"San Juan-Caguas-Guaynabo, PR",27275,14063,14545,46732,32095,32202.8,San Juan,PR,"SAN JUAN-CAGUAS-GUAYNABO, PR",False
42020,"San Luis Obispo-Paso Robles, CA",2062,2504,1761,7475,5784,4881.3,San Luis Obispo,CA,"SAN LUIS OBISPO-PASO ROBLES, CA",False
42060,"Santa Barbara-Santa Maria-Goleta, CA",4158,6693,3479,13078,12440,9178.7,Santa Barbara,CA,"SANTA BARBARA-SANTA MARIA-GOLETA, CA",False
42100,"Santa Cruz-Watsonville, CA",2391,775,1656,5109,5630,3905.5,Santa Cruz,CA,"SANTA CRUZ-WATSONVILLE, CA",False
42140,"Santa Fe, NM",1621,717,879,849,2619,1289.1999999999998,Santa Fe,NM,"SANTA FE, NM",False
42180,"Santa Isabel, PR",54,46,59,1794,41,748.9000000000001,Santa Isabel,PR,"SANTA ISABEL, PR",False
42220,"Santa Rosa-Petaluma, CA",6319,2765,5231,21677,9442,12760.4,Santa Rosa,CA,"SANTA ROSA-PETALUMA, CA",False
42300,"Sault Ste. Marie, MI",275,73,245,585,294,393.8,Sault Ste. Marie,MI,"SAULT STE. MARIE, MI",False
42340,"Savannah, GA",3230,1521,20153,19860,6442,15601.3,Savannah,GA,"SAVANNAH, GA",False
42380,"Sayre, PA",460,195,1326,3003,418,1728.6,Sayre,PA,"SAYRE, PA",False
42420,"Scottsbluff, NE",526,250,476,1121,365,716.8000000000001,Scottsbluff,NE,"SCOTTSBLUFF, NE",False
42460,"Scottsboro, AL",248,44,282,5558,224,2377.4000000000005,Scottsboro,AL,"SCOTTSBORO, AL",False
42500,"Scottsburg, IN",107,20,87,2544,99,1074.2,Scottsburg,IN,"SCOTTSBURG, IN",False
42540,"Scranton--Wilkes-Barre, PA",8653,3168,22988,31390,8895,22096.7,Scranton,PA,"SCRANTON--WILKES-BARRE, PA",False
42580,"Seaford, DE",2326,548,2299,10319,3175,5684.900000000001,Seaford,DE,"SEAFORD, DE",False
42620,"Searcy, AR",620,153,2139,2359,490,1745.3,Searcy,AR,"SEARCY, AR",False
42660,"Seattle-Tacoma-Bellevue, WA",68442,164888,79366,153703,168775,125890.2,Seattle,WA,"SEATTLE-TACOMA-BELLEVUE, WA",False
42680,"Sebastian-Vero Beach, FL",1640,487,937,2250,3046,1954.3,Sebastian,FL,"SEBASTIAN-VERO BEACH, FL",False
42700,"Sebring, FL",566,232,236,875,725,622.4,Sebring,FL,"SEBRING, FL",False
42740,"Sedalia, MO",296,125,674,4480,892,2202.2,Sedalia,MO,"SEDALIA, MO",False
42780,"Selinsgrove, PA",234,122,471,3429,206,1577.5000000000002,Selinsgrove,PA,"SELINSGROVE, PA",False
42820,"Selma, AL",245,89,122,3094,196,1337.9,Selma,AL,"SELMA, AL",False
42860,"Seneca, SC",559,237,71,5363,502,2322.8000000000006,Seneca,SC,"SENECA, SC",False
42900,"Seneca Falls, NY",156,58,661,1759,121,941.7,Seneca Falls,NY,"SENECA FALLS, NY",False
42940,"Sevierville, TN",808,310,426,2715,789,1452.3999999999999,Sevierville,TN,"SEVIERVILLE, TN",False
42980,"Seymour, IN",405,76,2056,9352,298,4457.700000000001,Seymour,IN,"SEYMOUR, IN",False
43060,"Shawnee, OK",701,337,227,2265,584,1161.0,Shawnee,OK,"SHAWNEE, OK",False
43100,"Sheboygan, WI",2428,230,1715,18557,1059,8391.9,Sheboygan,WI,"SHEBOYGAN, WI",False
43140,"Shelby, NC",447,146,2375,6557,1179,3615.8,Shelby,NC,"SHELBY, NC",False
43180,"Shelbyville, TN",574,183,2283,3800,226,2307.5,Shelbyville,TN,"SHELBYVILLE, TN",False
43220,"Shelton, WA",276,109,163,801,242,445.30000000000007,Shelton,WA,"SHELTON, WA",False
43260,"Sheridan, WY",500,222,578,665,1639,817.2,Sheridan,WY,"SHERIDAN, WY",False
43300,"Sherman-Denison, TX",1060,676,1257,7647,1182,3778.3,Sherman,TX,"SHERMAN-DENISON, TX",False
43320,"Show Low, AZ",310,364,563,598,416,522.3,Show Low,AZ,"SHOW LOW, AZ",False
43340,"Shreveport-Bossier City, LA",3804,1620,4457,7749,7071,6231.3,Shreveport,LA,"SHREVEPORT-BOSSIER CITY, LA",False
43380,"Sidney, OH",300,110,999,12734,668,5556.900000000001,Sidney,OH,"SIDNEY, OH",False
43420,"Sierra Vista-Douglas, AZ",440,311,784,553,2451,990.6,Sierra Vista,AZ,"SIERRA VISTA-DOUGLAS, AZ",False
43460,"Sikeston, MO",368,262,1226,3300,409,1806.3999999999999,Sikeston,MO,"SIKESTON, MO",False
43500,"Silver City, NM",185,76,76,112,174,120.9,Silver City,NM,"SILVER CITY, NM",False
43540,"Silverthorne, CO",224,137,320,501,675,453.79999999999995,Silverthorne,CO,"SILVERTHORNE, CO",False
43580,"Sioux City, IA-NE-SD",2664,728,3668,15650,1464,7919.599999999999,Sioux City,IA-NE-SD,"SIOUX CITY, IA-NE-SD",False
43620,"Sioux Falls, SD",13427,2895,4866,14372,5842,9719.7,Sioux Falls,SD,"SIOUX FALLS, SD",False
43660,"Snyder, TX",111,33,442,87,101,198.70000000000002,Snyder,TX,"SNYDER, TX",False
43700,"Somerset, KY",634,227,365,4185,509,1948.7,Somerset,KY,"SOMERSET, KY",False
43740,"Somerset, PA",530,104,1237,2889,1068,1793.3000000000002,Somerset,PA,"SOMERSET, PA",False
43780,"South Bend-Mishawaka, IN-MI",4156,3397,4565,16563,5391,9488.500000000002,South Bend,IN-MI,"SOUTH BEND-MISHAWAKA, IN-MI",False
43860,"Southern Pines-Pinehurst, NC",894,266,564,1651,1758,1270.6000000000004,Southern Pines,NC,"SOUTHERN PINES-PINEHURST, NC",False
43900,"Spartanburg, SC",3143,1641,10973,37646,4397,19544.000000000004,Spartanburg,SC,"SPARTANBURG, SC",False
43940,"Spearfish, SD",323,143,245,381,383,334.8,Spearfish,SD,"SPEARFISH, SD",False
43980,"Spencer, IA",289,140,390,639,165,434.5,Spencer,IA,"SPENCER, IA",False
44020,"Spirit Lake, IA",207,75,301,1732,176,839.0000000000001,Spirit Lake,IA,"SPIRIT LAKE, IA",False
44060,"Spokane, WA",10387,4695,7361,16490,10203,11883.6,Spokane,WA,"SPOKANE, WA",False
44100,"Springfield, IL",5327,1606,2037,2491,4411,3022.3999999999996,Springfield,IL,"SPRINGFIELD, IL",False
44140,"Springfield, MA",10968,2671,9014,24375,9026,15356.2,Springfield,MA,"SPRINGFIELD, MA",False
44180,"Springfield, MO",7375,4681,11790,18118,9421,13405.900000000001,Springfield,MO,"SPRINGFIELD, MO",False
44220,"Springfield, OH",2487,159,2566,7123,925,4052.7,Springfield,OH,"SPRINGFIELD, OH",False
44260,"Starkville, MS",337,136,52,686,535,430.70000000000005,Starkville,MS,"STARKVILLE, MS",False
44300,"State College, PA",1079,1018,1712,4241,3334,2984.7000000000003,State College,PA,"STATE COLLEGE, PA",False
44340,"Statesboro, GA",572,239,1641,1961,733,1480.5,Statesboro,GA,"STATESBORO, GA",False
44380,"Statesville-Mooresville, NC",1328,535,2636,12769,3513,6733.800000000001,Statesville,NC,"STATESVILLE-MOORESVILLE, NC",False
44420,"Staunton-Waynesboro, VA",1027,504,4018,8051,1159,4760.3,Staunton,VA,"STAUNTON-WAYNESBORO, VA",False
44500,"Stephenville, TX",306,92,730,2360,557,1305.0,Stephenville,TX,"STEPHENVILLE, TX",False
44540,"Sterling, CO",204,55,217,388,103,261.3,Sterling,CO,"STERLING, CO",False
44580,"Sterling, IL",528,84,1616,4058,431,2247.0,Sterling,IL,"STERLING, IL",False
44600,"Steubenville-Weirton, OH-WV",595,230,1859,4697,666,2629.2,Steubenville,OH-WV,"STEUBENVILLE-WEIRTON, OH-WV",False
44620,"Stevens Point, WI",4652,251,2024,4768,657,3111.0,Stevens Point,WI,"STEVENS POINT, WI",False
44660,"Stillwater, OK",697,307,465,1428,1112,1002.8000000000001,Stillwater,OK,"STILLWATER, OK",False
44700,"Stockton, CA",6344,1776,34643,19398,5625,19911.5,Stockton,CA,"STOCKTON, CA",False
44740,"Storm Lake, IA",235,65,103,3383,178,1443.2,Storm Lake,IA,"STORM LAKE, IA",False
44780,"Sturgis, MI",324,99,300,8502,767,3676.6000000000004,Sturgis,MI,"STURGIS, MI",False
44860,"Sulphur Springs, TX",547,120,520,2713,224,1340.7,Sulphur Springs,TX,"SULPHUR SPRINGS, TX",False
44900,"Summerville, GA",121,35,20,2261,82,938.9000000000001,Summerville,GA,"SUMMERVILLE, GA",False
44940,"Sumter, SC",732,303,807,5020,972,2517.7,Sumter,SC,"SUMTER, SC",False
44980,"Sunbury, PA",579,246,3033,4432,580,2856.6000000000004,Sunbury,PA,"SUNBURY, PA",False
45000,"Susanville, CA",78,58,68,0,358,99.8,Susanville,CA,"SUSANVILLE, CA",False
45020,"Sweetwater, TX",114,35,255,998,119,510.90000000000003,Sweetwater,TX,"SWEETWATER, TX",False
45060,"Syracuse, NY",11237,4144,11214,24611,15761,17484.500000000004,Syracuse,NY,"SYRACUSE, NY",False
45140,"Tahlequah, OK",337,134,6,167,175,137.3,Tahlequah,OK,"TAHLEQUAH, OK",False
45180,"Talladega-Sylacauga, AL",515,147,2277,10529,496,5045.400000000001,Talladega,AL,"TALLADEGA-SYLACAUGA, AL",False
45220,"Tallahassee, FL",5240,2882,1730,3105,12062,4697.4,Tallahassee,FL,"TALLAHASSEE, FL",False
45260,"Tallulah, LA",120,7,184,185,16,144.39999999999998,Tallulah,LA,"TALLULAH, LA",False
45300,"Tampa-St. Petersburg-Clearwater, FL",100599,27815,35859,66875,115030,70573.6,Tampa,FL,"TAMPA-ST. PETERSBURG-CLEARWATER, FL",False
45340,"Taos, NM",187,96,76,284,359,226.89999999999998,Taos,NM,"TAOS, NM",False
45380,"Taylorville, IL",291,187,184,843,152,451.90000000000003,Taylorville,IL,"TAYLORVILLE, IL",False
45460,"Terre Haute, IN",1319,561,2203,9397,1213,4794.2,Terre Haute,IN,"TERRE HAUTE, IN",False
45500,"Texarkana, TX-Texarkana, AR",1590,513,2429,5027,1983,3295.1,Texarkana,TX-Texarkana,"TEXARKANA, TX-TEXARKANA, AR",False
45520,"The Dalles, OR",259,231,311,600,253,409.8,The Dalles,OR,"THE DALLES, OR",False
45540,"The Villages, FL",1045,103,532,1208,811,909.5000000000001,The Villages,FL,"THE VILLAGES, FL",False
45580,"Thomaston, GA",167,52,45,1332,90,581.0000000000001,Thomaston,GA,"THOMASTON, GA",False
45620,"Thomasville, GA",762,215,271,2898,372,1391.1000000000001,Thomasville,GA,"THOMASVILLE, GA",False
45640,"Thomasville-Lexington, NC",599,163,1837,11160,892,5253.4,Thomasville,NC,"THOMASVILLE-LEXINGTON, NC",False
45660,"Tiffin, OH",375,104,468,4444,299,2015.3000000000002,Tiffin,OH,"TIFFIN, OH",False
45700,"Tifton, GA",447,233,1708,1573,676,1321.5,Tifton,GA,"TIFTON, GA",False
45740,"Toccoa, GA",170,88,54,2302,162,986.4000000000001,Toccoa,GA,"TOCCOA, GA",False
45780,"Toledo, OH",7048,3389,15807,50210,11303,27791.499999999996,Toledo,OH,"TOLEDO, OH",False
45820,"Topeka, KS",6213,1296,3336,8795,3751,5890.3,Topeka,KS,"TOPEKA, KS",False
45900,"Traverse City, MI",3273,753,1077,6268,2516,3660.8,Traverse City,MI,"TRAVERSE CITY, MI",False
45940,"Trenton-Ewing, NJ",16926,4158,5265,7621,24260,11172.5,Trenton,NJ,"TRENTON-EWING, NJ",False
45980,"Troy, AL",329,211,1945,2610,1167,1893.8000000000002,Troy,AL,"TROY, AL",False
46020,"Truckee-Grass Valley, CA",519,302,532,1314,1718,1080.7000000000003,Truckee,CA,"TRUCKEE-GRASS VALLEY, CA",False
46060,"Tucson, AZ",13633,6176,12004,22016,19226,17616.1,Tucson,AZ,"TUCSON, AZ",True
46100,"Tullahoma, TN",1028,352,756,9388,2553,4595.400000000001,Tullahoma,TN,"TULLAHOMA, TN",False
46140,"Tulsa, OK",16224,8417,17066,46162,24959,30198.8,Tulsa,OK,"TULSA, OK",False
46180,"Tupelo, MS",2279,657,2988,21440,1549,10010.099999999999,Tupelo,MS,"TUPELO, MS",False
46220,"Tuscaloosa, AL",1976,1310,4068,20605,2236,10107.2,Tuscaloosa,AL,"TUSCALOOSA, AL",False
46260,"Tuskegee, AL",38,0,76,314,32,158.60000000000002,Tuskegee,AL,"TUSKEGEE, AL",False
46300,"Twin Falls, ID",1081,507,2274,6312,1468,3608.7,Twin Falls,ID,"TWIN FALLS, ID",False
46340,"Tyler, TX",3129,1563,4140,9309,5089,6296.3,Tyler,TX,"TYLER, TX",False
46380,"Ukiah, CA",446,284,545,2608,699,1391.1,Ukiah,CA,"UKIAH, CA",False
46420,"Union, SC",144,31,1012,1720,28,1011.5999999999999,Union,SC,"UNION, SC",False
46460,"Union City, TN-KY",417,124,396,3271,168,1502.5,Union City,TN-KY,"UNION CITY, TN-KY",False
46500,"Urbana, OH",158,50,272,3860,304,1702.1999999999998,Urbana,OH,"URBANA, OH",False
46540,"Utica-Rome, NY",5798,889,4583,11995,4299,7612.5,Utica,NY,"UTICA-ROME, NY",False
46580,"Utuado, PR",62,10,25,133,61,79.10000000000001,Utuado,PR,"UTUADO, PR",False
46620,"Uvalde, TX",225,66,356,208,316,275.7,Uvalde,TX,"UVALDE, TX",False
46660,"Valdosta, GA",1211,564,3388,4547,1521,3260.5,Valdosta,GA,"VALDOSTA, GA",False
46700,"Vallejo-Fairfield, CA",3066,998,7227,10695,4207,7594.1,Vallejo,CA,"VALLEJO-FAIRFIELD, CA",False
46740,"Valley, AL",120,85,426,2558,263,1215.6,Valley,AL,"VALLEY, AL",False
46780,"Van Wert, OH",920,18,248,3607,129,1635.0000000000002,Van Wert,OH,"VAN WERT, OH",False
46820,"Vermillion, SD",96,27,426,234,62,243.4,Vermillion,SD,"VERMILLION, SD",False
46860,"Vernal, UT",208,132,746,272,423,438.00000000000006,Vernal,UT,"VERNAL, UT",False
46900,"Vernon, TX",155,107,106,963,43,441.1000000000001,Vernon,TX,"VERNON, TX",False
46980,"Vicksburg, MS",347,129,955,2561,318,1409.2,Vicksburg,MS,"VICKSBURG, MS",False
47020,"Victoria, TX",984,420,1413,5331,1542,2963.1000000000004,Victoria,TX,"VICTORIA, TX",False
47080,"Vidalia, GA",323,91,426,2005,274,1016.8999999999999,Vidalia,GA,"VIDALIA, GA",False
47180,"Vincennes, IN",301,138,586,2051,249,1076.1,Vincennes,IN,"VINCENNES, IN",False
47220,"Vineland-Millville-Bridgeton, NJ",813,381,2773,8229,955,4395.8,Vineland,NJ,"VINELAND-MILLVILLE-BRIDGETON, NJ",False
47260,"Virginia Beach-Norfolk-Newport News, VA-NC",25749,9251,26804,57713,53138,44328.9,Virginia Beach,VA-NC,"VIRGINIA BEACH-NORFOLK-NEWPORT NEWS, VA-NC",False
47300,"Visalia-Porterville, CA",2410,989,6715,13935,2383,8306.1,Visalia,CA,"VISALIA-PORTERVILLE, CA",False
47340,"Wabash, IN",296,63,111,2577,183,1130.2999999999997,Wabash,IN,"WABASH, IN",False
47380,"Waco, TX",5204,890,4461,16122,2739,8855.3,Waco,TX,"WACO, TX",False
47420,"Wahpeton, ND-MN",289,0,200,1983,96,901.3000000000001,Wahpeton,ND-MN,"WAHPETON, ND-MN",False
47460,"Walla Walla, WA",552,288,348,3835,518,1797.2,Walla Walla,WA,"WALLA WALLA, WA",False
47500,"Walterboro, SC",229,150,171,537,203,329.6,Walterboro,SC,"WALTERBORO, SC",False
47540,"Wapakoneta, OH",259,125,460,10849,712,4645.9,Wapakoneta,OH,"WAPAKONETA, OH",False
47580,"Warner Robins, GA",1139,352,834,5104,3822,3170.1000000000004,Warner Robins,GA,"WARNER ROBINS, GA",False
47620,"Warren, PA",774,82,701,2981,273,1534.7,Warren,PA,"WARREN, PA",False
47660,"Warrensburg, MO",292,109,840,1658,415,1027.4,Warrensburg,MO,"WARRENSBURG, MO",False
47700,"Warsaw, IN",784,283,367,11303,621,4833.9,Warsaw,IN,"WARSAW, IN",False
47780,"Washington, IN",366,118,884,2589,496,1436.6000000000001,Washington,IN,"WASHINGTON, IN",False
47820,"Washington, NC",355,146,252,2865,299,1316.8999999999999,Washington,NC,"WASHINGTON, NC",False
47900,"Washington-Arlington-Alexandria, DC-VA-MD-WV",111232,109093,68384,50213,632717,178267.00000000003,Washington,DC-VA-MD-WV,"WASHINGTON-ARLINGTON-ALEXANDRIA, DC-VA-MD-WV",False
47920,"Washington Court House, OH",118,51,223,2052,88,917.1,Washington Court House,OH,"WASHINGTON COURT HOUSE, OH",False
47940,"Waterloo-Cedar Falls, IA",2203,1117,3804,13977,3181,7588.5,Waterloo,IA,"WATERLOO-CEDAR FALLS, IA",False
47980,"Watertown, SD",815,121,484,3638,397,1761.3000000000002,Watertown,SD,"WATERTOWN, SD",False
48020,"Watertown-Fort Atkinson, WI",751,496,1111,9164,586,4191.200000000001,Watertown,WI,"WATERTOWN-FORT ATKINSON, WI",False
48060,"Watertown-Fort Drum, NY",720,602,1141,2244,892,1490.3000000000002,Watertown,NY,"WATERTOWN-FORT DRUM, NY",False
48100,"Wauchula, FL",311,37,105,391,131,245.20000000000002,Wauchula,FL,"WAUCHULA, FL",False
48140,"Wausau, WI",3875,488,2560,18892,1442,9000.699999999999,Wausau,WI,"WAUSAU, WI",False
48180,"Waycross, GA",393,139,1681,2177,216,1457.6,Waycross,GA,"WAYCROSS, GA",False
48220,"Weatherford, OK",346,125,268,1031,274,582.2,Weatherford,OK,"WEATHERFORD, OK",False
48300,"Wenatchee-East Wenatchee, WA",917,741,690,2392,1338,1523.1000000000001,Wenatchee,WA,"WENATCHEE-EAST WENATCHEE, WA",False
48460,"West Plains, MO",368,116,390,2323,334,1149.8,West Plains,MO,"WEST PLAINS, MO",False
48500,"West Point, MS",102,21,390,952,241,556.2,West Point,MS,"WEST POINT, MS",False
48540,"Wheeling, WV-OH",2037,546,1687,2608,1852,2123.4,Wheeling,WV-OH,"WHEELING, WV-OH",False
48580,"Whitewater, WI",577,287,810,8136,922,3739.5,Whitewater,WI,"WHITEWATER, WI",False
48620,"Wichita, KS",8144,4934,11022,46422,12316,25153.0,Wichita,KS,"WICHITA, KS",False
48660,"Wichita Falls, TX",1774,828,1781,4417,1156,2709.7000000000003,Wichita Falls,TX,"WICHITA FALLS, TX",False
48700,"Williamsport, PA",1427,447,1526,7118,1528,3753.3,Williamsport,PA,"WILLIAMSPORT, PA",False
48780,"Williston, ND",440,176,1336,340,478,676.4,Williston,ND,"WILLISTON, ND",False
48820,"Willmar, MN",502,219,517,2203,641,1214.7,Willmar,MN,"WILLMAR, MN",False
48900,"Wilmington, NC",5147,4122,4920,9272,7768,7253.1,Wilmington,NC,"WILMINGTON, NC",False
48940,"Wilmington, OH",246,106,3968,4031,248,2877.0,Wilmington,OH,"WILMINGTON, OH",False
48980,"Wilson, NC",3316,290,862,8403,805,4112.400000000001,Wilson,NC,"WILSON, NC",False
49020,"Winchester, VA-WV",3359,349,3279,8041,1832,4902.4,Winchester,VA-WV,"WINCHESTER, VA-WV",False
49060,"Winfield, KS",331,84,110,4447,232,1891.3000000000002,Winfield,KS,"WINFIELD, KS",False
49100,"Winona, MN",567,483,1094,5626,326,2700.4999999999995,Winona,MN,"WINONA, MN",False
49180,"Winston-Salem, NC",11353,1930,5778,23071,8387,13774.499999999998,Winston,NC,"WINSTON-SALEM, NC",False
49260,"Woodward, OK",268,85,300,330,195,287.8,Woodward,OK,"WOODWARD, OK",False
49300,"Wooster, OH",1085,192,1354,13282,1771,6181.7,Wooster,OH,"WOOSTER, OH",False
49340,"Worcester, MA",15215,2963,15734,33962,22528,24332.1,Worcester,MA,"WORCESTER, MA",False
49380,"Worthington, MN",281,74,435,3354,113,1522.8,Worthington,MN,"WORTHINGTON, MN",False
49420,"Yakima, WA",1502,674,4126,9065,2135,5441.0,Yakima,WA,"YAKIMA, WA",False
49460,"Yankton, SD",425,161,170,3415,205,1500.5,Yankton,SD,"YANKTON, SD",False
49500,"Yauco, PR",201,14,228,2780,98,1220.1,Yauco,PR,"YAUCO, PR",False
49540,"Yazoo City, MS",107,36,149,523,134,291.4,Yazoo City,MS,"YAZOO CITY, MS",False
49620,"York-Hanover, PA",5220,1105,12896,32879,6565,18855.4,York,PA,"YORK-HANOVER, PA",False
49660,"Youngstown-Warren-Boardman, OH-PA",4731,2625,8909,27046,4641,14892.400000000003,Youngstown,OH-PA,"YOUNGSTOWN-WARREN-BOARDMAN, OH-PA",False
49700,"Yuba City, CA",877,362,1957,2381,1140,1855.2,Yuba City,CA,"YUBA CITY, CA",False
49740,"Yuma, AZ",1226,537,2027,4530,1299,2802.5,Yuma,AZ,"YUMA, AZ",False
49780,"Zanesville, OH",654,828,2361,2808,578,2012.5,Zanesville,OH,"ZANESVILLE, OH",False
